,ID,Description,setSize,enrichmentScore,NES,pvalue,p.adjust,qvalues,rank,leading_edge,core_enrichment
GO:0006968,GO:0006968,cellular defense response,23,0.753550256675584,1.98551004522729,3.76032588546167E-07,0.002068931302181,0.001914995435144,1856,"tags=61%, list=15%, signal=52%",ENSG00000120899/ENSG00000158517/ENSG00000126581/ENSG00000170425/ENSG00000113263/ENSG00000116701/ENSG00000163848/ENSG00000266200/ENSG00000112486/ENSG00000112210/ENSG00000110719/ENSG00000130592/ENSG00000173039/ENSG00000175592
GO:0045229,GO:0045229,external encapsulating structure organization,276,0.436115824307236,1.36317200555078,1.15510845364701E-06,0.002306773947683,0.002135141739634,3675,"tags=44%, list=30%, signal=31%",ENSG00000136378/ENSG00000154736/ENSG00000164692/ENSG00000108821/ENSG00000082293/ENSG00000113140/ENSG00000132470/ENSG00000139329/ENSG00000139219/ENSG00000076662/ENSG00000003402/ENSG00000138316/ENSG00000067182/ENSG00000116962/ENSG00000187498/ENSG00000185761/ENSG00000166482/ENSG00000107821/ENSG00000005884/ENSG00000142173/ENSG00000163359/ENSG00000172037/ENSG00000163435/ENSG00000166147/ENSG00000131477/ENSG00000136167/ENSG00000168928/ENSG00000132692/ENSG00000091409/ENSG00000177963/ENSG00000117122/ENSG00000142156/ENSG00000091136/ENSG00000149257/ENSG00000163131/ENSG00000173157/ENSG00000197635/ENSG00000105290/ENSG00000087116/ENSG00000171812/ENSG00000075618/ENSG00000166033/ENSG00000204291/ENSG00000137809/ENSG00000140873/ENSG00000158769/ENSG00000116147/ENSG00000092295/ENSG00000060718/ENSG00000157227/ENSG00000151388/ENSG00000197859/ENSG00000107957/ENSG00000148848/ENSG00000087303/ENSG00000114270/ENSG00000049192/ENSG00000081052/ENSG00000166106/ENSG00000156140/ENSG00000196569/ENSG00000140092/ENSG00000130508/ENSG00000168477/ENSG00000014216/ENSG00000163975/ENSG00000106397/ENSG00000105509/ENSG00000160588/ENSG00000157766/ENSG00000184937/ENSG00000182447/ENSG00000115414/ENSG00000163638/ENSG00000183087/ENSG00000164171/ENSG00000145423/ENSG00000142303/ENSG00000087245/ENSG00000126247/ENSG00000162510/ENSG00000163520/ENSG00000138061/ENSG00000113083/ENSG00000196562/ENSG00000154721/ENSG00000145536/ENSG00000066056/ENSG00000130287/ENSG00000169031/ENSG00000123500/ENSG00000124159/ENSG00000086062/ENSG00000148935/ENSG00000115318/ENSG00000185070/ENSG00000103044/ENSG00000160323/ENSG00000147408/ENSG00000105329/ENSG00000133392/ENSG00000058085/ENSG00000101311/ENSG00000074054/ENSG00000138131/ENSG00000123384/ENSG00000160255/ENSG00000169604/ENSG00000196611/ENSG00000170275/ENSG00000130714/ENSG00000115221/ENSG00000197614/ENSG00000140678/ENSG00000054598/ENSG00000187045/ENSG00000106799/ENSG00000080618/ENSG00000053747/ENSG00000182492/ENSG00000138080
GO:0120031,GO:0120031,plasma membrane bounded cell projection assembly,444,0.414230081019866,1.31319214321333,1.25778295947837E-06,0.002306773947683,0.002135141739634,4074,"tags=50%, list=33%, signal=35%",ENSG00000099250/ENSG00000134602/ENSG00000132470/ENSG00000204472/ENSG00000099204/ENSG00000075651/ENSG00000115091/ENSG00000177106/ENSG00000187017/ENSG00000163466/ENSG00000127824/ENSG00000184292/ENSG00000102935/ENSG00000142459/ENSG00000151422/ENSG00000035720/ENSG00000197822/ENSG00000164818/ENSG00000198087/ENSG00000177105/ENSG00000079335/ENSG00000075618/ENSG00000239474/ENSG00000124839/ENSG00000084731/ENSG00000273749/ENSG00000254999/ENSG00000138193/ENSG00000145147/ENSG00000165527/ENSG00000214376/ENSG00000115355/ENSG00000126878/ENSG00000181378/ENSG00000114790/ENSG00000179941/ENSG00000154783/ENSG00000110880/ENSG00000112210/ENSG00000112658/ENSG00000172426/ENSG00000198758/ENSG00000171517/ENSG00000138071/ENSG00000162643/ENSG00000085733/ENSG00000079974/ENSG00000154099/ENSG00000110318/ENSG00000169126/ENSG00000110047/ENSG00000213123/ENSG00000136279/ENSG00000119661/ENSG00000083312/ENSG00000135837/ENSG00000076864/ENSG00000129295/ENSG00000177119/ENSG00000156735/ENSG00000112981/ENSG00000119636/ENSG00000181085/ENSG00000170873/ENSG00000128567/ENSG00000109756/ENSG00000152240/ENSG00000186638/ENSG00000128340/ENSG00000107954/ENSG00000155530/ENSG00000143398/ENSG00000143951/ENSG00000188343/ENSG00000039139/ENSG00000101367/ENSG00000167552/ENSG00000107104/ENSG00000077522/ENSG00000169760/ENSG00000113966/ENSG00000205084/ENSG00000136238/ENSG00000145555/ENSG00000198003/ENSG00000139132/ENSG00000136811/ENSG00000214367/ENSG00000179051/ENSG00000273167/ENSG00000100360/ENSG00000213066/ENSG00000197748/ENSG00000125450/ENSG00000163913/ENSG00000089041/ENSG00000125354/ENSG00000168385/ENSG00000151239/ENSG00000122126/ENSG00000163932/ENSG00000007047/ENSG00000144061/ENSG00000187726/ENSG00000134531/ENSG00000138639/ENSG00000170027/ENSG00000197603/ENSG00000127914/ENSG00000132881/ENSG00000138686/ENSG00000080572/ENSG00000198121/ENSG00000173226/ENSG00000150977/ENSG00000118965/ENSG00000006451/ENSG00000153317/ENSG00000158195/ENSG00000131437/ENSG00000101040/ENSG00000138002/ENSG00000109062/ENSG00000198707/ENSG00000145536/ENSG00000168778/ENSG00000128581/ENSG00000173210/ENSG00000160401/ENSG00000101222/ENSG00000184640/ENSG00000164675/ENSG00000175970/ENSG00000140945/ENSG00000100554/ENSG00000126870/ENSG00000180263/ENSG00000160188/ENSG00000130638/ENSG00000177042/ENSG00000145934/ENSG00000132122/ENSG00000156042/ENSG00000141933/ENSG00000048342/ENSG00000008086/ENSG00000152763/ENSG00000144451/ENSG00000141013/ENSG00000135407/ENSG00000065320/ENSG00000142609/ENSG00000187535/ENSG00000113657/ENSG00000141519/ENSG00000103494/ENSG00000101350/ENSG00000173546/ENSG00000138175/ENSG00000103995/ENSG00000100271/ENSG00000125863/ENSG00000079482/ENSG00000214513/ENSG00000126353/ENSG00000198793/ENSG00000135931/ENSG00000137343/ENSG00000129474/ENSG00000106078/ENSG00000074054/ENSG00000106477/ENSG00000142731/ENSG00000122507/ENSG00000160293/ENSG00000070087/ENSG00000157404/ENSG00000188026/ENSG00000143126/ENSG00000165506/ENSG00000165533/ENSG00000032742/ENSG00000108641/ENSG00000244607/ENSG00000119977/ENSG00000165115/ENSG00000169762/ENSG00000102606/ENSG00000123607/ENSG00000011143/ENSG00000118690/ENSG00000284862/ENSG00000103540/ENSG00000140463/ENSG00000137710/ENSG00000080824/ENSG00000204852/ENSG00000101639/ENSG00000272514/ENSG00000106799/ENSG00000167858/ENSG00000137821/ENSG00000171811/ENSG00000187164/ENSG00000164066/ENSG00000163093/ENSG00000205250/ENSG00000097007/ENSG00000155761/ENSG00000158856/ENSG00000121879/ENSG00000137460/ENSG00000132970/ENSG00000101004/ENSG00000134874/ENSG00000167617/ENSG00000154310/ENSG00000061676/ENSG00000204104/ENSG00000104450/ENSG00000177548/ENSG00000138587/ENSG00000079691/ENSG00000159079
GO:0030031,GO:0030031,cell projection assembly,454,0.411980791659773,1.30638552611404,1.87450644343686E-06,0.002578383612947,0.002386542677197,4074,"tags=50%, list=33%, signal=35%",ENSG00000099250/ENSG00000134602/ENSG00000132470/ENSG00000204472/ENSG00000099204/ENSG00000075651/ENSG00000115091/ENSG00000177106/ENSG00000187017/ENSG00000138964/ENSG00000163466/ENSG00000127824/ENSG00000184292/ENSG00000102935/ENSG00000142459/ENSG00000151422/ENSG00000035720/ENSG00000197822/ENSG00000164818/ENSG00000198087/ENSG00000177105/ENSG00000079335/ENSG00000075618/ENSG00000239474/ENSG00000124839/ENSG00000084731/ENSG00000273749/ENSG00000254999/ENSG00000138193/ENSG00000145147/ENSG00000165527/ENSG00000214376/ENSG00000115355/ENSG00000126878/ENSG00000181378/ENSG00000114790/ENSG00000179941/ENSG00000154783/ENSG00000110880/ENSG00000112210/ENSG00000112658/ENSG00000172426/ENSG00000198758/ENSG00000171517/ENSG00000138071/ENSG00000042493/ENSG00000162643/ENSG00000085733/ENSG00000079974/ENSG00000154099/ENSG00000110318/ENSG00000169126/ENSG00000110047/ENSG00000213123/ENSG00000136279/ENSG00000119661/ENSG00000083312/ENSG00000135837/ENSG00000076864/ENSG00000129295/ENSG00000177119/ENSG00000156735/ENSG00000112981/ENSG00000119636/ENSG00000181085/ENSG00000170873/ENSG00000128567/ENSG00000109756/ENSG00000152240/ENSG00000186638/ENSG00000128340/ENSG00000107954/ENSG00000155530/ENSG00000143398/ENSG00000143951/ENSG00000188343/ENSG00000039139/ENSG00000101367/ENSG00000167552/ENSG00000107104/ENSG00000077522/ENSG00000169760/ENSG00000113966/ENSG00000205084/ENSG00000136238/ENSG00000145555/ENSG00000198003/ENSG00000139132/ENSG00000136811/ENSG00000214367/ENSG00000179051/ENSG00000273167/ENSG00000100360/ENSG00000213066/ENSG00000197748/ENSG00000125450/ENSG00000163913/ENSG00000089041/ENSG00000184731/ENSG00000125354/ENSG00000168385/ENSG00000151239/ENSG00000122126/ENSG00000163932/ENSG00000007047/ENSG00000144061/ENSG00000187726/ENSG00000134531/ENSG00000138639/ENSG00000170027/ENSG00000197603/ENSG00000127914/ENSG00000132881/ENSG00000138686/ENSG00000080572/ENSG00000198121/ENSG00000173226/ENSG00000150977/ENSG00000118965/ENSG00000006451/ENSG00000153317/ENSG00000158195/ENSG00000131437/ENSG00000101040/ENSG00000138002/ENSG00000109062/ENSG00000198707/ENSG00000145536/ENSG00000168778/ENSG00000128581/ENSG00000173210/ENSG00000160401/ENSG00000101222/ENSG00000184640/ENSG00000164675/ENSG00000175970/ENSG00000140945/ENSG00000100554/ENSG00000126870/ENSG00000180263/ENSG00000160188/ENSG00000130638/ENSG00000177042/ENSG00000145934/ENSG00000132122/ENSG00000156042/ENSG00000141933/ENSG00000048342/ENSG00000008086/ENSG00000152763/ENSG00000144451/ENSG00000141013/ENSG00000135407/ENSG00000065320/ENSG00000142609/ENSG00000187535/ENSG00000113657/ENSG00000141519/ENSG00000103494/ENSG00000101350/ENSG00000173546/ENSG00000138175/ENSG00000103995/ENSG00000100271/ENSG00000125863/ENSG00000079482/ENSG00000214513/ENSG00000126353/ENSG00000198793/ENSG00000135931/ENSG00000137343/ENSG00000129474/ENSG00000106078/ENSG00000074054/ENSG00000106477/ENSG00000142731/ENSG00000122507/ENSG00000160293/ENSG00000070087/ENSG00000157404/ENSG00000188026/ENSG00000143126/ENSG00000165506/ENSG00000165533/ENSG00000032742/ENSG00000108641/ENSG00000244607/ENSG00000119977/ENSG00000165115/ENSG00000169762/ENSG00000102606/ENSG00000123607/ENSG00000011143/ENSG00000118690/ENSG00000284862/ENSG00000103540/ENSG00000140463/ENSG00000137710/ENSG00000080824/ENSG00000204852/ENSG00000101639/ENSG00000272514/ENSG00000106799/ENSG00000167858/ENSG00000137821/ENSG00000171811/ENSG00000187164/ENSG00000164066/ENSG00000163093/ENSG00000205250/ENSG00000097007/ENSG00000155761/ENSG00000158856/ENSG00000121879/ENSG00000137460/ENSG00000132970/ENSG00000101004/ENSG00000134874/ENSG00000167617/ENSG00000154310/ENSG00000061676/ENSG00000204104/ENSG00000104450/ENSG00000177548/ENSG00000138587/ENSG00000079691/ENSG00000159079
GO:0030198,GO:0030198,extracellular matrix organization,275,0.434336976385698,1.35733818180786,3.11268470719906E-06,0.002854331876502,0.002641959405865,3675,"tags=44%, list=30%, signal=31%",ENSG00000136378/ENSG00000154736/ENSG00000164692/ENSG00000108821/ENSG00000082293/ENSG00000113140/ENSG00000132470/ENSG00000139329/ENSG00000139219/ENSG00000076662/ENSG00000003402/ENSG00000138316/ENSG00000067182/ENSG00000116962/ENSG00000187498/ENSG00000185761/ENSG00000166482/ENSG00000107821/ENSG00000005884/ENSG00000142173/ENSG00000163359/ENSG00000172037/ENSG00000163435/ENSG00000166147/ENSG00000131477/ENSG00000136167/ENSG00000168928/ENSG00000132692/ENSG00000091409/ENSG00000177963/ENSG00000117122/ENSG00000142156/ENSG00000091136/ENSG00000149257/ENSG00000163131/ENSG00000173157/ENSG00000197635/ENSG00000105290/ENSG00000087116/ENSG00000171812/ENSG00000075618/ENSG00000166033/ENSG00000204291/ENSG00000137809/ENSG00000140873/ENSG00000158769/ENSG00000116147/ENSG00000060718/ENSG00000157227/ENSG00000151388/ENSG00000197859/ENSG00000107957/ENSG00000148848/ENSG00000087303/ENSG00000114270/ENSG00000049192/ENSG00000081052/ENSG00000166106/ENSG00000156140/ENSG00000196569/ENSG00000140092/ENSG00000130508/ENSG00000168477/ENSG00000014216/ENSG00000163975/ENSG00000106397/ENSG00000105509/ENSG00000160588/ENSG00000157766/ENSG00000184937/ENSG00000182447/ENSG00000115414/ENSG00000163638/ENSG00000183087/ENSG00000164171/ENSG00000145423/ENSG00000142303/ENSG00000087245/ENSG00000126247/ENSG00000162510/ENSG00000163520/ENSG00000138061/ENSG00000113083/ENSG00000196562/ENSG00000154721/ENSG00000145536/ENSG00000066056/ENSG00000130287/ENSG00000169031/ENSG00000123500/ENSG00000124159/ENSG00000086062/ENSG00000148935/ENSG00000115318/ENSG00000185070/ENSG00000103044/ENSG00000160323/ENSG00000147408/ENSG00000105329/ENSG00000133392/ENSG00000058085/ENSG00000101311/ENSG00000074054/ENSG00000138131/ENSG00000123384/ENSG00000160255/ENSG00000169604/ENSG00000196611/ENSG00000170275/ENSG00000130714/ENSG00000115221/ENSG00000197614/ENSG00000140678/ENSG00000054598/ENSG00000187045/ENSG00000106799/ENSG00000080618/ENSG00000053747/ENSG00000182492/ENSG00000138080
GO:0043062,GO:0043062,extracellular structure organization,275,0.434336976385698,1.35733818180786,3.11268470719906E-06,0.002854331876502,0.002641959405865,3675,"tags=44%, list=30%, signal=31%",ENSG00000136378/ENSG00000154736/ENSG00000164692/ENSG00000108821/ENSG00000082293/ENSG00000113140/ENSG00000132470/ENSG00000139329/ENSG00000139219/ENSG00000076662/ENSG00000003402/ENSG00000138316/ENSG00000067182/ENSG00000116962/ENSG00000187498/ENSG00000185761/ENSG00000166482/ENSG00000107821/ENSG00000005884/ENSG00000142173/ENSG00000163359/ENSG00000172037/ENSG00000163435/ENSG00000166147/ENSG00000131477/ENSG00000136167/ENSG00000168928/ENSG00000132692/ENSG00000091409/ENSG00000177963/ENSG00000117122/ENSG00000142156/ENSG00000091136/ENSG00000149257/ENSG00000163131/ENSG00000173157/ENSG00000197635/ENSG00000105290/ENSG00000087116/ENSG00000171812/ENSG00000075618/ENSG00000166033/ENSG00000204291/ENSG00000137809/ENSG00000140873/ENSG00000158769/ENSG00000116147/ENSG00000060718/ENSG00000157227/ENSG00000151388/ENSG00000197859/ENSG00000107957/ENSG00000148848/ENSG00000087303/ENSG00000114270/ENSG00000049192/ENSG00000081052/ENSG00000166106/ENSG00000156140/ENSG00000196569/ENSG00000140092/ENSG00000130508/ENSG00000168477/ENSG00000014216/ENSG00000163975/ENSG00000106397/ENSG00000105509/ENSG00000160588/ENSG00000157766/ENSG00000184937/ENSG00000182447/ENSG00000115414/ENSG00000163638/ENSG00000183087/ENSG00000164171/ENSG00000145423/ENSG00000142303/ENSG00000087245/ENSG00000126247/ENSG00000162510/ENSG00000163520/ENSG00000138061/ENSG00000113083/ENSG00000196562/ENSG00000154721/ENSG00000145536/ENSG00000066056/ENSG00000130287/ENSG00000169031/ENSG00000123500/ENSG00000124159/ENSG00000086062/ENSG00000148935/ENSG00000115318/ENSG00000185070/ENSG00000103044/ENSG00000160323/ENSG00000147408/ENSG00000105329/ENSG00000133392/ENSG00000058085/ENSG00000101311/ENSG00000074054/ENSG00000138131/ENSG00000123384/ENSG00000160255/ENSG00000169604/ENSG00000196611/ENSG00000170275/ENSG00000130714/ENSG00000115221/ENSG00000197614/ENSG00000140678/ENSG00000054598/ENSG00000187045/ENSG00000106799/ENSG00000080618/ENSG00000053747/ENSG00000182492/ENSG00000138080
GO:0022900,GO:0022900,electron transport chain,134,0.488436304978181,1.48538805427687,4.4587973356074E-06,0.003504614705787,0.003243858873634,2714,"tags=46%, list=22%, signal=36%",ENSG00000008283/ENSG00000158517/ENSG00000186010/ENSG00000115286/ENSG00000204370/ENSG00000165168/ENSG00000010256/ENSG00000116701/ENSG00000115944/ENSG00000158864/ENSG00000178741/ENSG00000147684/ENSG00000137806/ENSG00000023228/ENSG00000176153/ENSG00000156467/ENSG00000115159/ENSG00000139180/ENSG00000184076/ENSG00000179091/ENSG00000178445/ENSG00000051523/ENSG00000131143/ENSG00000198695/ENSG00000140740/ENSG00000213619/ENSG00000088682/ENSG00000143252/ENSG00000065518/ENSG00000136521/ENSG00000167792/ENSG00000091140/ENSG00000158828/ENSG00000140374/ENSG00000006695/ENSG00000130414/ENSG00000073578/ENSG00000162882/ENSG00000105379/ENSG00000112695/ENSG00000119013/ENSG00000131495/ENSG00000259112/ENSG00000184983/ENSG00000111275/ENSG00000189043/ENSG00000117118/ENSG00000168653/ENSG00000127184/ENSG00000184903/ENSG00000145545/ENSG00000004779/ENSG00000099795/ENSG00000069535/ENSG00000135940/ENSG00000164182/ENSG00000110717/ENSG00000143753/ENSG00000138356/ENSG00000158125/ENSG00000104808/ENSG00000140990
GO:0031424,GO:0031424,keratinization,27,0.67741308782508,1.82111598868491,1.41164297249243E-05,0.009708574543317,0.008986221974893,2396,"tags=59%, list=20%, signal=48%",ENSG00000149418/ENSG00000118898/ENSG00000163472/ENSG00000142615/ENSG00000062038/ENSG00000081277/ENSG00000105427/ENSG00000092295/ENSG00000144283/ENSG00000184363/ENSG00000014216/ENSG00000179526/ENSG00000112378/ENSG00000173801/ENSG00000126247/ENSG00000096696
GO:0009060,GO:0009060,aerobic respiration,71,0.53685227562832,1.57114845782927,1.99664980950932E-05,0.012206185835467,0.011298002080007,2965,"tags=52%, list=24%, signal=40%",ENSG00000100644/ENSG00000115286/ENSG00000166411/ENSG00000204370/ENSG00000010256/ENSG00000119689/ENSG00000014641/ENSG00000146701/ENSG00000115944/ENSG00000178741/ENSG00000181192/ENSG00000156467/ENSG00000184076/ENSG00000121691/ENSG00000131143/ENSG00000140740/ENSG00000091483/ENSG00000143252/ENSG00000091140/ENSG00000163541/ENSG00000006695/ENSG00000131828/ENSG00000073578/ENSG00000189043/ENSG00000117118/ENSG00000165060/ENSG00000127184/ENSG00000136143/ENSG00000138400/ENSG00000135940/ENSG00000110717/ENSG00000067829/ENSG00000138413/ENSG00000155463/ENSG00000182054/ENSG00000099624/ENSG00000172340
GO:0043281,GO:0043281,regulation of cysteine-type endopeptidase activity involved in apoptotic process,134,0.472380566920219,1.43656080439633,3.22726748699962E-05,0.016703659288406,0.015460847469305,2999,"tags=39%, list=25%, signal=30%",ENSG00000164850/ENSG00000003402/ENSG00000108839/ENSG00000121858/ENSG00000186010/ENSG00000126453/ENSG00000137764/ENSG00000084093/ENSG00000081791/ENSG00000137275/ENSG00000187796/ENSG00000180370/ENSG00000135596/ENSG00000125735/ENSG00000214253/ENSG00000117676/ENSG00000090432/ENSG00000117525/ENSG00000127191/ENSG00000132906/ENSG00000142208/ENSG00000129521/ENSG00000144746/ENSG00000075891/ENSG00000168040/ENSG00000233276/ENSG00000165672/ENSG00000116133/ENSG00000123612/ENSG00000104872/ENSG00000172175/ENSG00000003400/ENSG00000129355/ENSG00000074370/ENSG00000183087/ENSG00000145423/ENSG00000185825/ENSG00000165025/ENSG00000176720/ENSG00000118965/ENSG00000130787/ENSG00000118412/ENSG00000177189/ENSG00000169031/ENSG00000169855/ENSG00000158125/ENSG00000164741/ENSG00000071994/ENSG00000087088/ENSG00000249915/ENSG00000149273/ENSG00000197442
GO:2000116,GO:2000116,regulation of cysteine-type endopeptidase activity,149,0.464376992345206,1.41808817027589,3.33951748768568E-05,0.016703659288406,0.015460847469305,3239,"tags=40%, list=27%, signal=30%",ENSG00000164850/ENSG00000003402/ENSG00000108839/ENSG00000121858/ENSG00000186010/ENSG00000126453/ENSG00000137764/ENSG00000084093/ENSG00000081791/ENSG00000137275/ENSG00000187796/ENSG00000180370/ENSG00000135596/ENSG00000125735/ENSG00000214253/ENSG00000117676/ENSG00000090432/ENSG00000117525/ENSG00000127191/ENSG00000153113/ENSG00000132906/ENSG00000023445/ENSG00000104312/ENSG00000273079/ENSG00000142208/ENSG00000129521/ENSG00000144746/ENSG00000075891/ENSG00000168040/ENSG00000233276/ENSG00000165672/ENSG00000112378/ENSG00000116133/ENSG00000123612/ENSG00000104872/ENSG00000172175/ENSG00000003400/ENSG00000129355/ENSG00000074370/ENSG00000183087/ENSG00000145423/ENSG00000185825/ENSG00000165025/ENSG00000176720/ENSG00000118965/ENSG00000130787/ENSG00000118412/ENSG00000177189/ENSG00000169031/ENSG00000169855/ENSG00000158125/ENSG00000164741/ENSG00000071994/ENSG00000087088/ENSG00000249915/ENSG00000149273/ENSG00000197442/ENSG00000255501/ENSG00000136305/ENSG00000089289
GO:0006909,GO:0006909,phagocytosis,188,0.443491989032784,1.36565701549117,4.4058959677255E-05,0.019396800628239,0.017953609489262,4446,"tags=50%, list=36%, signal=32%",ENSG00000076662/ENSG00000204472/ENSG00000101955/ENSG00000221947/ENSG00000126581/ENSG00000115091/ENSG00000092067/ENSG00000243414/ENSG00000163466/ENSG00000130429/ENSG00000165322/ENSG00000116701/ENSG00000122359/ENSG00000164078/ENSG00000035720/ENSG00000177105/ENSG00000273749/ENSG00000254999/ENSG00000254087/ENSG00000158270/ENSG00000196415/ENSG00000051523/ENSG00000070495/ENSG00000102890/ENSG00000110880/ENSG00000140968/ENSG00000186111/ENSG00000197943/ENSG00000138071/ENSG00000000938/ENSG00000163377/ENSG00000172936/ENSG00000100345/ENSG00000136044/ENSG00000176170/ENSG00000179218/ENSG00000101336/ENSG00000177119/ENSG00000128340/ENSG00000143398/ENSG00000122574/ENSG00000136238/ENSG00000145555/ENSG00000100365/ENSG00000241553/ENSG00000183087/ENSG00000164171/ENSG00000163932/ENSG00000110934/ENSG00000165025/ENSG00000158195/ENSG00000019169/ENSG00000138772/ENSG00000096384/ENSG00000197622/ENSG00000051382/ENSG00000103653/ENSG00000100385/ENSG00000111229/ENSG00000125810/ENSG00000109113/ENSG00000062598/ENSG00000141968/ENSG00000115935/ENSG00000123384/ENSG00000160255/ENSG00000176105/ENSG00000160293/ENSG00000168461/ENSG00000080824/ENSG00000163485/ENSG00000116678/ENSG00000097007/ENSG00000064687/ENSG00000165471/ENSG00000204628/ENSG00000121879/ENSG00000100030/ENSG00000061676/ENSG00000158156/ENSG00000145220/ENSG00000261371/ENSG00000136286/ENSG00000104133/ENSG00000171132/ENSG00000163219/ENSG00000164251/ENSG00000136754/ENSG00000150760/ENSG00000241399/ENSG00000102882/ENSG00000125538/ENSG00000184009/ENSG00000079805
GO:0022904,GO:0022904,respiratory electron transport chain,92,0.498811011631974,1.48033869531745,4.74264795531641E-05,0.019396800628239,0.017953609489262,2448,"tags=48%, list=20%, signal=39%",ENSG00000186010/ENSG00000115286/ENSG00000204370/ENSG00000010256/ENSG00000115944/ENSG00000158864/ENSG00000178741/ENSG00000147684/ENSG00000137806/ENSG00000023228/ENSG00000156467/ENSG00000115159/ENSG00000139180/ENSG00000184076/ENSG00000179091/ENSG00000131143/ENSG00000198695/ENSG00000140740/ENSG00000213619/ENSG00000088682/ENSG00000143252/ENSG00000065518/ENSG00000136521/ENSG00000167792/ENSG00000091140/ENSG00000158828/ENSG00000140374/ENSG00000006695/ENSG00000130414/ENSG00000073578/ENSG00000105379/ENSG00000119013/ENSG00000131495/ENSG00000259112/ENSG00000184983/ENSG00000189043/ENSG00000117118/ENSG00000168653/ENSG00000127184/ENSG00000184903/ENSG00000004779/ENSG00000099795/ENSG00000135940/ENSG00000110717
GO:0070268,GO:0070268,cornification,22,0.683388781620147,1.79273733199952,5.25828250462123E-05,0.019396800628239,0.017953609489262,2396,"tags=59%, list=20%, signal=48%",ENSG00000149418/ENSG00000118898/ENSG00000163472/ENSG00000142615/ENSG00000081277/ENSG00000092295/ENSG00000144283/ENSG00000184363/ENSG00000014216/ENSG00000112378/ENSG00000173801/ENSG00000126247/ENSG00000096696
GO:0042773,GO:0042773,ATP synthesis coupled electron transport,79,0.511092975682184,1.50468148572643,5.52840359508435E-05,0.019396800628239,0.017953609489262,2448,"tags=49%, list=20%, signal=40%",ENSG00000186010/ENSG00000115286/ENSG00000204370/ENSG00000010256/ENSG00000115944/ENSG00000158864/ENSG00000178741/ENSG00000147684/ENSG00000137806/ENSG00000023228/ENSG00000156467/ENSG00000139180/ENSG00000184076/ENSG00000179091/ENSG00000131143/ENSG00000198695/ENSG00000140740/ENSG00000213619/ENSG00000088682/ENSG00000143252/ENSG00000065518/ENSG00000136521/ENSG00000167792/ENSG00000091140/ENSG00000158828/ENSG00000006695/ENSG00000130414/ENSG00000073578/ENSG00000119013/ENSG00000131495/ENSG00000259112/ENSG00000184983/ENSG00000189043/ENSG00000168653/ENSG00000127184/ENSG00000004779/ENSG00000099795/ENSG00000135940/ENSG00000110717
GO:0010950,GO:0010950,positive regulation of endopeptidase activity,119,0.475530806685956,1.43577650689203,5.64065449021865E-05,0.019396800628239,0.017953609489262,4123,"tags=48%, list=34%, signal=32%",ENSG00000164850/ENSG00000003402/ENSG00000108839/ENSG00000121858/ENSG00000186010/ENSG00000084093/ENSG00000092010/ENSG00000169242/ENSG00000137275/ENSG00000187796/ENSG00000204305/ENSG00000214253/ENSG00000254087/ENSG00000134318/ENSG00000090432/ENSG00000117525/ENSG00000127191/ENSG00000162736/ENSG00000132906/ENSG00000104312/ENSG00000273079/ENSG00000129521/ENSG00000144746/ENSG00000168040/ENSG00000112378/ENSG00000123612/ENSG00000172175/ENSG00000003400/ENSG00000074370/ENSG00000145423/ENSG00000185825/ENSG00000165025/ENSG00000176720/ENSG00000118965/ENSG00000130787/ENSG00000118412/ENSG00000169031/ENSG00000169855/ENSG00000158125/ENSG00000164741/ENSG00000071994/ENSG00000100911/ENSG00000087088/ENSG00000249915/ENSG00000149273/ENSG00000197442/ENSG00000136305/ENSG00000168610/ENSG00000115541/ENSG00000156709/ENSG00000138613/ENSG00000169230/ENSG00000169372/ENSG00000204628/ENSG00000117560/ENSG00000177076/ENSG00000176884
GO:0022412,GO:0022412,cellular process involved in reproduction in multicellular organism,204,0.435112645390558,1.34548112135192,6.14799583768157E-05,0.019897807705249,0.018417339853067,4507,"tags=53%, list=37%, signal=34%",ENSG00000120899/ENSG00000037474/ENSG00000140526/ENSG00000184792/ENSG00000177990/ENSG00000134744/ENSG00000095627/ENSG00000170820/ENSG00000077800/ENSG00000185043/ENSG00000196074/ENSG00000162782/ENSG00000152670/ENSG00000131914/ENSG00000145147/ENSG00000137090/ENSG00000162039/ENSG00000112486/ENSG00000181378/ENSG00000173809/ENSG00000183560/ENSG00000091879/ENSG00000104899/ENSG00000024048/ENSG00000161594/ENSG00000144747/ENSG00000142208/ENSG00000164113/ENSG00000105894/ENSG00000091140/ENSG00000225697/ENSG00000145491/ENSG00000170915/ENSG00000173769/ENSG00000220201/ENSG00000108946/ENSG00000057757/ENSG00000112981/ENSG00000119684/ENSG00000176399/ENSG00000184937/ENSG00000107954/ENSG00000139083/ENSG00000163806/ENSG00000143452/ENSG00000175592/ENSG00000101104/ENSG00000136811/ENSG00000133101/ENSG00000177138/ENSG00000197748/ENSG00000144061/ENSG00000164404/ENSG00000198492/ENSG00000154721/ENSG00000165209/ENSG00000160401/ENSG00000244234/ENSG00000154639/ENSG00000109906/ENSG00000160188/ENSG00000100918/ENSG00000141933/ENSG00000144451/ENSG00000120498/ENSG00000087088/ENSG00000132475/ENSG00000091138/ENSG00000141384/ENSG00000100271/ENSG00000125863/ENSG00000198793/ENSG00000125977/ENSG00000132436/ENSG00000100151/ENSG00000139549/ENSG00000144468/ENSG00000157404/ENSG00000137154/ENSG00000108175/ENSG00000158169/ENSG00000221829/ENSG00000118690/ENSG00000054598/ENSG00000140463/ENSG00000106648/ENSG00000121621/ENSG00000272514/ENSG00000106799/ENSG00000177707/ENSG00000112530/ENSG00000160207/ENSG00000119772/ENSG00000134874/ENSG00000110492/ENSG00000110367/ENSG00000104044/ENSG00000101489/ENSG00000164961/ENSG00000095002/ENSG00000188372/ENSG00000275793/ENSG00000157456/ENSG00000087903/ENSG00000141577/ENSG00000159899/ENSG00000204991/ENSG00000096063
GO:0045333,GO:0045333,cellular respiration,149,0.455248591598894,1.3902123768467,7.84006243724012E-05,0.023200901224058,0.021474671434692,4234,"tags=56%, list=35%, signal=37%",ENSG00000186010/ENSG00000119508/ENSG00000100644/ENSG00000115286/ENSG00000166411/ENSG00000204370/ENSG00000010256/ENSG00000119689/ENSG00000014641/ENSG00000146701/ENSG00000115944/ENSG00000158864/ENSG00000178741/ENSG00000147684/ENSG00000137806/ENSG00000023228/ENSG00000181192/ENSG00000156467/ENSG00000115159/ENSG00000139180/ENSG00000184076/ENSG00000179091/ENSG00000121691/ENSG00000131143/ENSG00000198695/ENSG00000140740/ENSG00000213619/ENSG00000091483/ENSG00000088682/ENSG00000143252/ENSG00000065518/ENSG00000136521/ENSG00000167792/ENSG00000091140/ENSG00000158828/ENSG00000163541/ENSG00000140374/ENSG00000006695/ENSG00000131828/ENSG00000130414/ENSG00000073578/ENSG00000105379/ENSG00000119013/ENSG00000131495/ENSG00000259112/ENSG00000184983/ENSG00000189043/ENSG00000117118/ENSG00000168653/ENSG00000165060/ENSG00000127184/ENSG00000184903/ENSG00000136143/ENSG00000004779/ENSG00000099795/ENSG00000138400/ENSG00000135940/ENSG00000110717/ENSG00000067829/ENSG00000140990/ENSG00000138413/ENSG00000155463/ENSG00000182054/ENSG00000099624/ENSG00000172340/ENSG00000084092/ENSG00000145494/ENSG00000125356/ENSG00000100412/ENSG00000122873/ENSG00000184752/ENSG00000109819/ENSG00000115520/ENSG00000180185/ENSG00000198712/ENSG00000169230/ENSG00000121879/ENSG00000168275/ENSG00000163794/ENSG00000198888/ENSG00000168291/ENSG00000090266/ENSG00000198786/ENSG00000116288
GO:0006119,GO:0006119,oxidative phosphorylation,113,0.477756828992742,1.43737203945254,8.74250090251844E-05,0.023200901224058,0.021474671434692,2448,"tags=44%, list=20%, signal=36%",ENSG00000186010/ENSG00000115286/ENSG00000204370/ENSG00000010256/ENSG00000176410/ENSG00000162433/ENSG00000115944/ENSG00000158864/ENSG00000178741/ENSG00000147684/ENSG00000137806/ENSG00000023228/ENSG00000156467/ENSG00000139180/ENSG00000184076/ENSG00000160471/ENSG00000179091/ENSG00000165629/ENSG00000103254/ENSG00000131143/ENSG00000198695/ENSG00000108179/ENSG00000140740/ENSG00000213619/ENSG00000152234/ENSG00000088682/ENSG00000143252/ENSG00000065518/ENSG00000136521/ENSG00000167792/ENSG00000091140/ENSG00000158828/ENSG00000116459/ENSG00000006695/ENSG00000130414/ENSG00000073578/ENSG00000112695/ENSG00000119013/ENSG00000131495/ENSG00000259112/ENSG00000184983/ENSG00000189043/ENSG00000168653/ENSG00000165060/ENSG00000127184/ENSG00000241837/ENSG00000004779/ENSG00000099795/ENSG00000135940/ENSG00000110717
GO:0042775,GO:0042775,mitochondrial ATP synthesis coupled electron transport,78,0.518620520536828,1.52723030901418,8.74250090251844E-05,0.023200901224058,0.021474671434692,2448,"tags=50%, list=20%, signal=40%",ENSG00000186010/ENSG00000115286/ENSG00000204370/ENSG00000010256/ENSG00000115944/ENSG00000158864/ENSG00000178741/ENSG00000147684/ENSG00000137806/ENSG00000023228/ENSG00000156467/ENSG00000139180/ENSG00000184076/ENSG00000179091/ENSG00000131143/ENSG00000198695/ENSG00000140740/ENSG00000213619/ENSG00000088682/ENSG00000143252/ENSG00000065518/ENSG00000136521/ENSG00000167792/ENSG00000091140/ENSG00000158828/ENSG00000006695/ENSG00000130414/ENSG00000073578/ENSG00000119013/ENSG00000131495/ENSG00000259112/ENSG00000184983/ENSG00000189043/ENSG00000168653/ENSG00000127184/ENSG00000004779/ENSG00000099795/ENSG00000135940/ENSG00000110717
GO:0043280,GO:0043280,positive regulation of cysteine-type endopeptidase activity involved in apoptotic process,90,0.492651543312953,1.46120251133476,8.85530581070918E-05,0.023200901224058,0.021474671434692,2999,"tags=39%, list=25%, signal=30%",ENSG00000164850/ENSG00000003402/ENSG00000108839/ENSG00000121858/ENSG00000186010/ENSG00000084093/ENSG00000137275/ENSG00000187796/ENSG00000214253/ENSG00000090432/ENSG00000117525/ENSG00000127191/ENSG00000132906/ENSG00000129521/ENSG00000144746/ENSG00000168040/ENSG00000123612/ENSG00000172175/ENSG00000003400/ENSG00000074370/ENSG00000185825/ENSG00000165025/ENSG00000176720/ENSG00000118965/ENSG00000130787/ENSG00000118412/ENSG00000169031/ENSG00000169855/ENSG00000158125/ENSG00000164741/ENSG00000071994/ENSG00000087088/ENSG00000249915/ENSG00000149273/ENSG00000197442
GO:0006091,GO:0006091,generation of precursor metabolites and energy,397,0.398031249729424,1.25681242537479,9.30652563073903E-05,0.023274774554694,0.021543048326084,3983,"tags=43%, list=33%, signal=30%",ENSG00000141959/ENSG00000245848/ENSG00000008283/ENSG00000158517/ENSG00000131459/ENSG00000156510/ENSG00000186010/ENSG00000164776/ENSG00000119508/ENSG00000100644/ENSG00000115286/ENSG00000166411/ENSG00000204370/ENSG00000165168/ENSG00000010256/ENSG00000119689/ENSG00000176410/ENSG00000014641/ENSG00000146701/ENSG00000162433/ENSG00000158122/ENSG00000116701/ENSG00000115944/ENSG00000158864/ENSG00000178741/ENSG00000147684/ENSG00000137806/ENSG00000023228/ENSG00000176153/ENSG00000181192/ENSG00000156467/ENSG00000115159/ENSG00000113552/ENSG00000139180/ENSG00000184076/ENSG00000160471/ENSG00000188316/ENSG00000075239/ENSG00000164039/ENSG00000179091/ENSG00000164916/ENSG00000178445/ENSG00000067057/ENSG00000081760/ENSG00000051523/ENSG00000165629/ENSG00000121691/ENSG00000111713/ENSG00000103254/ENSG00000131143/ENSG00000132825/ENSG00000198695/ENSG00000108179/ENSG00000140740/ENSG00000213619/ENSG00000091483/ENSG00000111640/ENSG00000152234/ENSG00000088682/ENSG00000143252/ENSG00000065518/ENSG00000181649/ENSG00000155085/ENSG00000136521/ENSG00000142208/ENSG00000167792/ENSG00000104812/ENSG00000091140/ENSG00000186951/ENSG00000158828/ENSG00000068976/ENSG00000116459/ENSG00000113555/ENSG00000163541/ENSG00000131069/ENSG00000105220/ENSG00000140374/ENSG00000235194/ENSG00000006695/ENSG00000131828/ENSG00000130414/ENSG00000073578/ENSG00000162882/ENSG00000105379/ENSG00000112695/ENSG00000111669/ENSG00000113569/ENSG00000166603/ENSG00000023287/ENSG00000196182/ENSG00000136463/ENSG00000004939/ENSG00000119013/ENSG00000131495/ENSG00000152556/ENSG00000259112/ENSG00000125450/ENSG00000184983/ENSG00000089041/ENSG00000111275/ENSG00000189043/ENSG00000117118/ENSG00000168653/ENSG00000165060/ENSG00000127184/ENSG00000119715/ENSG00000184903/ENSG00000136143/ENSG00000241837/ENSG00000145545/ENSG00000004779/ENSG00000099795/ENSG00000069535/ENSG00000138400/ENSG00000135940/ENSG00000164182/ENSG00000080815/ENSG00000110717/ENSG00000143753/ENSG00000138356/ENSG00000158125/ENSG00000067177/ENSG00000067829/ENSG00000104808/ENSG00000140990/ENSG00000138413/ENSG00000044446/ENSG00000155463/ENSG00000219607/ENSG00000182054/ENSG00000099624/ENSG00000075188/ENSG00000056998/ENSG00000092621/ENSG00000172340/ENSG00000198793/ENSG00000143627/ENSG00000154723/ENSG00000084092/ENSG00000136872/ENSG00000160211/ENSG00000156515/ENSG00000145494/ENSG00000125356/ENSG00000100412/ENSG00000093000/ENSG00000122873/ENSG00000159322/ENSG00000181929/ENSG00000101986/ENSG00000153823/ENSG00000169764/ENSG00000184752/ENSG00000109819/ENSG00000084734/ENSG00000115520/ENSG00000180185/ENSG00000114268/ENSG00000198712/ENSG00000169230/ENSG00000116678/ENSG00000110955/ENSG00000065615/ENSG00000121879/ENSG00000119938/ENSG00000168275/ENSG00000163794/ENSG00000139496/ENSG00000093217/ENSG00000160326/ENSG00000198888
GO:0007264,GO:0007264,small GTPase mediated signal transduction,402,0.39453713454648,1.24575050957384,0.000102089660406,0.024421622241396,0.022604566455045,4237,"tags=44%, list=35%, signal=30%",ENSG00000099250/ENSG00000164692/ENSG00000204472/ENSG00000138640/ENSG00000142675/ENSG00000173848/ENSG00000153310/ENSG00000075651/ENSG00000005884/ENSG00000177106/ENSG00000130762/ENSG00000085382/ENSG00000180448/ENSG00000155961/ENSG00000112062/ENSG00000165322/ENSG00000099949/ENSG00000139679/ENSG00000099331/ENSG00000198087/ENSG00000159842/ENSG00000120645/ENSG00000177105/ENSG00000104805/ENSG00000182162/ENSG00000273749/ENSG00000165895/ENSG00000254999/ENSG00000138193/ENSG00000173611/ENSG00000075275/ENSG00000254087/ENSG00000134318/ENSG00000166974/ENSG00000110237/ENSG00000158769/ENSG00000145147/ENSG00000165527/ENSG00000115355/ENSG00000174429/ENSG00000088538/ENSG00000114790/ENSG00000089639/ENSG00000124126/ENSG00000138592/ENSG00000198758/ENSG00000185989/ENSG00000147459/ENSG00000174485/ENSG00000125731/ENSG00000146376/ENSG00000134909/ENSG00000170471/ENSG00000100055/ENSG00000116641/ENSG00000136279/ENSG00000139998/ENSG00000189056/ENSG00000076864/ENSG00000006607/ENSG00000181467/ENSG00000186716/ENSG00000197283/ENSG00000171777/ENSG00000074696/ENSG00000109756/ENSG00000183155/ENSG00000128340/ENSG00000123570/ENSG00000145632/ENSG00000133216/ENSG00000031003/ENSG00000275342/ENSG00000147799/ENSG00000120063/ENSG00000214944/ENSG00000107104/ENSG00000031081/ENSG00000116954/ENSG00000100351/ENSG00000136238/ENSG00000139132/ENSG00000116991/ENSG00000213977/ENSG00000122126/ENSG00000187266/ENSG00000138639/ENSG00000175220/ENSG00000064490/ENSG00000003393/ENSG00000104880/ENSG00000125733/ENSG00000111206/ENSG00000198121/ENSG00000006451/ENSG00000141068/ENSG00000050327/ENSG00000158195/ENSG00000145907/ENSG00000105538/ENSG00000136237/ENSG00000117632/ENSG00000123595/ENSG00000197622/ENSG00000051382/ENSG00000140945/ENSG00000126858/ENSG00000103423/ENSG00000126217/ENSG00000169855/ENSG00000039523/ENSG00000171680/ENSG00000164741/ENSG00000107099/ENSG00000130203/ENSG00000168118/ENSG00000174373/ENSG00000185386/ENSG00000133818/ENSG00000065320/ENSG00000128512/ENSG00000213445/ENSG00000204344/ENSG00000137502/ENSG00000140030/ENSG00000105767/ENSG00000108424/ENSG00000141968/ENSG00000138175/ENSG00000066777/ENSG00000171435/ENSG00000143379/ENSG00000079482/ENSG00000076928/ENSG00000133703/ENSG00000132669/ENSG00000138768/ENSG00000172757/ENSG00000126016/ENSG00000112290/ENSG00000160293/ENSG00000105738/ENSG00000140750/ENSG00000136158/ENSG00000196914/ENSG00000146425/ENSG00000066933/ENSG00000132155/ENSG00000196935/ENSG00000166317/ENSG00000008256/ENSG00000102606/ENSG00000160145/ENSG00000075884/ENSG00000150594/ENSG00000137710/ENSG00000127533/ENSG00000135905/ENSG00000187164/ENSG00000097007/ENSG00000105122/ENSG00000134308/ENSG00000119487/ENSG00000103197/ENSG00000167617/ENSG00000035499/ENSG00000061676/ENSG00000139725/ENSG00000206418/ENSG00000170776/ENSG00000160271/ENSG00000139687/ENSG00000113916/ENSG00000115325/ENSG00000138757/ENSG00000116288/ENSG00000058335/ENSG00000197256
GO:0003341,GO:0003341,cilium movement,82,0.511916738000783,1.5131717798024,0.000123567110219,0.028327760017653,0.026220073650808,4433,"tags=71%, list=36%, signal=45%",ENSG00000164818/ENSG00000183833/ENSG00000152670/ENSG00000112486/ENSG00000181378/ENSG00000179532/ENSG00000172426/ENSG00000162643/ENSG00000146221/ENSG00000144747/ENSG00000151023/ENSG00000145491/ENSG00000154099/ENSG00000169126/ENSG00000129295/ENSG00000112981/ENSG00000107954/ENSG00000131044/ENSG00000039139/ENSG00000198003/ENSG00000058668/ENSG00000197748/ENSG00000080572/ENSG00000109062/ENSG00000160401/ENSG00000101222/ENSG00000156042/ENSG00000141933/ENSG00000152763/ENSG00000144451/ENSG00000141013/ENSG00000141519/ENSG00000064102/ENSG00000004809/ENSG00000166171/ENSG00000100271/ENSG00000125863/ENSG00000164038/ENSG00000143126/ENSG00000165506/ENSG00000165115/ENSG00000118690/ENSG00000284862/ENSG00000140463/ENSG00000154429/ENSG00000158023/ENSG00000272514/ENSG00000140263/ENSG00000167858/ENSG00000171811/ENSG00000100346/ENSG00000155761/ENSG00000138031/ENSG00000159079/ENSG00000075073/ENSG00000115353/ENSG00000141577/ENSG00000204084
GO:0097178,GO:0097178,ruffle assembly,37,0.579270285042416,1.59585107145212,0.000157575555495,0.034679228253371,0.03209896999939,2129,"tags=54%, list=17%, signal=45%",ENSG00000204472/ENSG00000177106/ENSG00000184292/ENSG00000035720/ENSG00000177105/ENSG00000273749/ENSG00000165527/ENSG00000126878/ENSG00000114790/ENSG00000110880/ENSG00000198758/ENSG00000136279/ENSG00000156735/ENSG00000143398/ENSG00000143951/ENSG00000107104/ENSG00000169760/ENSG00000136238/ENSG00000179051/ENSG00000138639
GO:0010952,GO:0010952,positive regulation of peptidase activity,133,0.461206220858436,1.40150440925036,0.000173446213487,0.03670388717718,0.033972987078994,4123,"tags=47%, list=34%, signal=32%",ENSG00000164850/ENSG00000003402/ENSG00000108839/ENSG00000121858/ENSG00000186010/ENSG00000084093/ENSG00000092010/ENSG00000169242/ENSG00000137275/ENSG00000187796/ENSG00000204305/ENSG00000214253/ENSG00000254087/ENSG00000134318/ENSG00000090432/ENSG00000117525/ENSG00000127191/ENSG00000162736/ENSG00000132906/ENSG00000104312/ENSG00000273079/ENSG00000129521/ENSG00000144746/ENSG00000158828/ENSG00000106333/ENSG00000168040/ENSG00000188130/ENSG00000112378/ENSG00000123612/ENSG00000172175/ENSG00000115414/ENSG00000003400/ENSG00000074370/ENSG00000145423/ENSG00000185825/ENSG00000165025/ENSG00000176720/ENSG00000118965/ENSG00000130787/ENSG00000118412/ENSG00000169031/ENSG00000169855/ENSG00000158125/ENSG00000164741/ENSG00000071994/ENSG00000100911/ENSG00000087088/ENSG00000249915/ENSG00000149273/ENSG00000197442/ENSG00000136305/ENSG00000169604/ENSG00000168610/ENSG00000115541/ENSG00000156709/ENSG00000138613/ENSG00000169230/ENSG00000169372/ENSG00000204628/ENSG00000117560/ENSG00000177076/ENSG00000030582/ENSG00000176884
GO:0008064,GO:0008064,regulation of actin polymerization or depolymerization,135,0.453549241146684,1.38010630812423,0.000211989317562,0.03825143016018,0.035405387345262,5598,"tags=72%, list=46%, signal=39%",ENSG00000120899/ENSG00000153310/ENSG00000115306/ENSG00000115091/ENSG00000163157/ENSG00000197694/ENSG00000163466/ENSG00000197321/ENSG00000130429/ENSG00000113758/ENSG00000151422/ENSG00000273749/ENSG00000136059/ENSG00000254999/ENSG00000145147/ENSG00000165527/ENSG00000050405/ENSG00000071127/ENSG00000124126/ENSG00000138071/ENSG00000042493/ENSG00000162643/ENSG00000146376/ENSG00000085733/ENSG00000180353/ENSG00000198898/ENSG00000136279/ENSG00000103187/ENSG00000101336/ENSG00000125753/ENSG00000156735/ENSG00000070610/ENSG00000077264/ENSG00000107562/ENSG00000107104/ENSG00000077522/ENSG00000164144/ENSG00000241553/ENSG00000006453/ENSG00000137478/ENSG00000151239/ENSG00000163932/ENSG00000130340/ENSG00000115956/ENSG00000158195/ENSG00000130787/ENSG00000148700/ENSG00000111229/ENSG00000135407/ENSG00000066777/ENSG00000125863/ENSG00000126353/ENSG00000198793/ENSG00000100151/ENSG00000177731/ENSG00000112290/ENSG00000070087/ENSG00000164327/ENSG00000179820/ENSG00000241360/ENSG00000130755/ENSG00000137710/ENSG00000158856/ENSG00000172725/ENSG00000121879/ENSG00000132970/ENSG00000152527/ENSG00000167617/ENSG00000061676/ENSG00000197045/ENSG00000079691/ENSG00000164961/ENSG00000171132/ENSG00000164251/ENSG00000108342/ENSG00000204991/ENSG00000148180/ENSG00000102879/ENSG00000109265/ENSG00000128298/ENSG00000105887/ENSG00000165410/ENSG00000162704/ENSG00000077549/ENSG00000151491/ENSG00000172830/ENSG00000071051/ENSG00000138594/ENSG00000163380/ENSG00000143575/ENSG00000141298/ENSG00000084112/ENSG00000009694/ENSG00000124143/ENSG00000070182/ENSG00000173898/ENSG00000145715
GO:0030832,GO:0030832,regulation of actin filament length,135,0.453549241146684,1.38010630812423,0.000211989317562,0.03825143016018,0.035405387345262,5598,"tags=72%, list=46%, signal=39%",ENSG00000120899/ENSG00000153310/ENSG00000115306/ENSG00000115091/ENSG00000163157/ENSG00000197694/ENSG00000163466/ENSG00000197321/ENSG00000130429/ENSG00000113758/ENSG00000151422/ENSG00000273749/ENSG00000136059/ENSG00000254999/ENSG00000145147/ENSG00000165527/ENSG00000050405/ENSG00000071127/ENSG00000124126/ENSG00000138071/ENSG00000042493/ENSG00000162643/ENSG00000146376/ENSG00000085733/ENSG00000180353/ENSG00000198898/ENSG00000136279/ENSG00000103187/ENSG00000101336/ENSG00000125753/ENSG00000156735/ENSG00000070610/ENSG00000077264/ENSG00000107562/ENSG00000107104/ENSG00000077522/ENSG00000164144/ENSG00000241553/ENSG00000006453/ENSG00000137478/ENSG00000151239/ENSG00000163932/ENSG00000130340/ENSG00000115956/ENSG00000158195/ENSG00000130787/ENSG00000148700/ENSG00000111229/ENSG00000135407/ENSG00000066777/ENSG00000125863/ENSG00000126353/ENSG00000198793/ENSG00000100151/ENSG00000177731/ENSG00000112290/ENSG00000070087/ENSG00000164327/ENSG00000179820/ENSG00000241360/ENSG00000130755/ENSG00000137710/ENSG00000158856/ENSG00000172725/ENSG00000121879/ENSG00000132970/ENSG00000152527/ENSG00000167617/ENSG00000061676/ENSG00000197045/ENSG00000079691/ENSG00000164961/ENSG00000171132/ENSG00000164251/ENSG00000108342/ENSG00000204991/ENSG00000148180/ENSG00000102879/ENSG00000109265/ENSG00000128298/ENSG00000105887/ENSG00000165410/ENSG00000162704/ENSG00000077549/ENSG00000151491/ENSG00000172830/ENSG00000071051/ENSG00000138594/ENSG00000163380/ENSG00000143575/ENSG00000141298/ENSG00000084112/ENSG00000009694/ENSG00000124143/ENSG00000070182/ENSG00000173898/ENSG00000145715
GO:0032271,GO:0032271,regulation of protein polymerization,166,0.440805983754735,1.35222873129114,0.000211989317562,0.03825143016018,0.035405387345262,5598,"tags=67%, list=46%, signal=37%",ENSG00000120899/ENSG00000153310/ENSG00000115306/ENSG00000115091/ENSG00000163157/ENSG00000197694/ENSG00000163466/ENSG00000197321/ENSG00000130429/ENSG00000113758/ENSG00000151422/ENSG00000165637/ENSG00000197822/ENSG00000273749/ENSG00000136059/ENSG00000254999/ENSG00000145147/ENSG00000143363/ENSG00000165527/ENSG00000105270/ENSG00000124126/ENSG00000138071/ENSG00000042493/ENSG00000162643/ENSG00000146376/ENSG00000085733/ENSG00000180353/ENSG00000158828/ENSG00000198898/ENSG00000136279/ENSG00000130559/ENSG00000103187/ENSG00000141556/ENSG00000118200/ENSG00000101336/ENSG00000067798/ENSG00000125753/ENSG00000156735/ENSG00000070610/ENSG00000077264/ENSG00000101367/ENSG00000107104/ENSG00000164144/ENSG00000136238/ENSG00000241553/ENSG00000006453/ENSG00000137478/ENSG00000151239/ENSG00000163932/ENSG00000130340/ENSG00000127914/ENSG00000158195/ENSG00000130787/ENSG00000117632/ENSG00000148700/ENSG00000111229/ENSG00000204389/ENSG00000135407/ENSG00000066777/ENSG00000149273/ENSG00000125863/ENSG00000126353/ENSG00000198793/ENSG00000074054/ENSG00000100151/ENSG00000177731/ENSG00000112290/ENSG00000148482/ENSG00000070087/ENSG00000164327/ENSG00000179820/ENSG00000130755/ENSG00000137710/ENSG00000080824/ENSG00000097007/ENSG00000158856/ENSG00000172725/ENSG00000132970/ENSG00000167617/ENSG00000061676/ENSG00000197045/ENSG00000079691/ENSG00000164961/ENSG00000171132/ENSG00000108342/ENSG00000204991/ENSG00000109171/ENSG00000148180/ENSG00000102879/ENSG00000109265/ENSG00000004478/ENSG00000128298/ENSG00000105887/ENSG00000162704/ENSG00000077549/ENSG00000151491/ENSG00000172830/ENSG00000071051/ENSG00000138594/ENSG00000163380/ENSG00000143575/ENSG00000141298/ENSG00000084112/ENSG00000009694/ENSG00000076826/ENSG00000124143/ENSG00000198718/ENSG00000070182/ENSG00000173898/ENSG00000182511/ENSG00000169057/ENSG00000145715
GO:2001056,GO:2001056,positive regulation of cysteine-type endopeptidase activity,100,0.47641991772843,1.42267752832661,0.000214256561493,0.03825143016018,0.035405387345262,2999,"tags=38%, list=25%, signal=29%",ENSG00000164850/ENSG00000003402/ENSG00000108839/ENSG00000121858/ENSG00000186010/ENSG00000084093/ENSG00000137275/ENSG00000187796/ENSG00000214253/ENSG00000090432/ENSG00000117525/ENSG00000127191/ENSG00000132906/ENSG00000104312/ENSG00000273079/ENSG00000129521/ENSG00000144746/ENSG00000168040/ENSG00000112378/ENSG00000123612/ENSG00000172175/ENSG00000003400/ENSG00000074370/ENSG00000185825/ENSG00000165025/ENSG00000176720/ENSG00000118965/ENSG00000130787/ENSG00000118412/ENSG00000169031/ENSG00000169855/ENSG00000158125/ENSG00000164741/ENSG00000071994/ENSG00000087088/ENSG00000249915/ENSG00000149273/ENSG00000197442
GO:0046034,GO:0046034,ATP metabolic process,240,0.417301762232439,1.29807786669776,0.000230127274912,0.03825143016018,0.035405387345262,5276,"tags=58%, list=43%, signal=34%",ENSG00000141959/ENSG00000156510/ENSG00000186010/ENSG00000100644/ENSG00000115286/ENSG00000204370/ENSG00000010256/ENSG00000176410/ENSG00000162433/ENSG00000158122/ENSG00000018625/ENSG00000115944/ENSG00000158864/ENSG00000178741/ENSG00000147684/ENSG00000137806/ENSG00000023228/ENSG00000181192/ENSG00000156467/ENSG00000139180/ENSG00000184076/ENSG00000160471/ENSG00000188316/ENSG00000179091/ENSG00000164916/ENSG00000214253/ENSG00000249222/ENSG00000067057/ENSG00000165629/ENSG00000103254/ENSG00000131143/ENSG00000198695/ENSG00000108179/ENSG00000140740/ENSG00000143153/ENSG00000213619/ENSG00000111640/ENSG00000152234/ENSG00000088682/ENSG00000143252/ENSG00000065518/ENSG00000155085/ENSG00000136521/ENSG00000167792/ENSG00000091140/ENSG00000186951/ENSG00000158828/ENSG00000116459/ENSG00000105220/ENSG00000006695/ENSG00000130414/ENSG00000143799/ENSG00000073578/ENSG00000109971/ENSG00000112695/ENSG00000111669/ENSG00000113569/ENSG00000004939/ENSG00000119013/ENSG00000131495/ENSG00000152556/ENSG00000259112/ENSG00000125450/ENSG00000184983/ENSG00000089041/ENSG00000189043/ENSG00000168653/ENSG00000165060/ENSG00000127184/ENSG00000227345/ENSG00000119715/ENSG00000241837/ENSG00000004779/ENSG00000099795/ENSG00000135940/ENSG00000080815/ENSG00000110717/ENSG00000106992/ENSG00000087470/ENSG00000140990/ENSG00000204389/ENSG00000099624/ENSG00000075188/ENSG00000105329/ENSG00000143627/ENSG00000132436/ENSG00000154723/ENSG00000136872/ENSG00000156515/ENSG00000145494/ENSG00000125356/ENSG00000093000/ENSG00000159322/ENSG00000181929/ENSG00000101986/ENSG00000153823/ENSG00000004455/ENSG00000184752/ENSG00000109819/ENSG00000084734/ENSG00000114268/ENSG00000198712/ENSG00000110955/ENSG00000168275/ENSG00000139496/ENSG00000160326/ENSG00000198888/ENSG00000090266/ENSG00000198786/ENSG00000095002/ENSG00000116288/ENSG00000165283/ENSG00000008130/ENSG00000125375/ENSG00000164708/ENSG00000147123/ENSG00000164405/ENSG00000198840/ENSG00000135537/ENSG00000169020/ENSG00000183648/ENSG00000085415/ENSG00000171105/ENSG00000164978/ENSG00000102900/ENSG00000171314/ENSG00000248746/ENSG00000198804/ENSG00000108515/ENSG00000142192/ENSG00000158571/ENSG00000172331/ENSG00000165678/ENSG00000119421/ENSG00000168209/ENSG00000058804/ENSG00000156885/ENSG00000167863/ENSG00000138430
GO:0034284,GO:0034284,response to monosaccharide,155,0.442653763676903,1.35365802835267,0.000234684103212,0.03825143016018,0.035405387345262,4349,"tags=49%, list=36%, signal=32%",ENSG00000164850/ENSG00000141959/ENSG00000171135/ENSG00000120899/ENSG00000164756/ENSG00000113140/ENSG00000163623/ENSG00000119927/ENSG00000054356/ENSG00000100644/ENSG00000142173/ENSG00000204305/ENSG00000147465/ENSG00000007516/ENSG00000139180/ENSG00000198355/ENSG00000131914/ENSG00000081760/ENSG00000121691/ENSG00000067992/ENSG00000111713/ENSG00000091879/ENSG00000112658/ENSG00000115263/ENSG00000164305/ENSG00000172375/ENSG00000225697/ENSG00000075891/ENSG00000265972/ENSG00000162992/ENSG00000123612/ENSG00000145191/ENSG00000104872/ENSG00000132386/ENSG00000136238/ENSG00000004139/ENSG00000183087/ENSG00000197548/ENSG00000164171/ENSG00000102225/ENSG00000183023/ENSG00000118965/ENSG00000180176/ENSG00000119782/ENSG00000173175/ENSG00000169031/ENSG00000125798/ENSG00000142583/ENSG00000140521/ENSG00000164038/ENSG00000143627/ENSG00000123384/ENSG00000130766/ENSG00000132155/ENSG00000130529/ENSG00000023909/ENSG00000115211/ENSG00000130856/ENSG00000150594/ENSG00000163513/ENSG00000109819/ENSG00000080618/ENSG00000012504/ENSG00000084734/ENSG00000120533/ENSG00000120738/ENSG00000204628/ENSG00000121879/ENSG00000107815/ENSG00000100889/ENSG00000166263/ENSG00000143195/ENSG00000171132/ENSG00000112096/ENSG00000008130/ENSG00000111057
GO:0008154,GO:0008154,actin polymerization or depolymerization,161,0.447101682363804,1.36967037039247,0.000243797767998,0.03825143016018,0.035405387345262,5476,"tags=70%, list=45%, signal=39%",ENSG00000120899/ENSG00000204472/ENSG00000153310/ENSG00000115306/ENSG00000115091/ENSG00000163157/ENSG00000197694/ENSG00000163466/ENSG00000197321/ENSG00000130429/ENSG00000113758/ENSG00000152229/ENSG00000151422/ENSG00000135596/ENSG00000273749/ENSG00000136059/ENSG00000254999/ENSG00000145147/ENSG00000165527/ENSG00000050405/ENSG00000071127/ENSG00000124126/ENSG00000138071/ENSG00000042493/ENSG00000162643/ENSG00000146376/ENSG00000085733/ENSG00000180353/ENSG00000198898/ENSG00000136279/ENSG00000103187/ENSG00000198736/ENSG00000101336/ENSG00000125753/ENSG00000156735/ENSG00000070610/ENSG00000077264/ENSG00000107562/ENSG00000107104/ENSG00000077522/ENSG00000164144/ENSG00000136238/ENSG00000241553/ENSG00000006453/ENSG00000137478/ENSG00000151239/ENSG00000163932/ENSG00000130340/ENSG00000115956/ENSG00000140368/ENSG00000160284/ENSG00000158195/ENSG00000130787/ENSG00000164877/ENSG00000148700/ENSG00000111229/ENSG00000139734/ENSG00000135407/ENSG00000066777/ENSG00000007237/ENSG00000125863/ENSG00000133816/ENSG00000126353/ENSG00000198793/ENSG00000106078/ENSG00000115935/ENSG00000100151/ENSG00000172757/ENSG00000177731/ENSG00000112290/ENSG00000070087/ENSG00000164327/ENSG00000179820/ENSG00000241360/ENSG00000130755/ENSG00000137710/ENSG00000158856/ENSG00000172725/ENSG00000121879/ENSG00000132970/ENSG00000152527/ENSG00000167617/ENSG00000061676/ENSG00000197045/ENSG00000079691/ENSG00000164961/ENSG00000158428/ENSG00000171132/ENSG00000131504/ENSG00000164251/ENSG00000136754/ENSG00000108342/ENSG00000204991/ENSG00000148180/ENSG00000102879/ENSG00000109265/ENSG00000128298/ENSG00000105887/ENSG00000165410/ENSG00000162704/ENSG00000077549/ENSG00000151491/ENSG00000172830/ENSG00000071051/ENSG00000138594/ENSG00000163380/ENSG00000143575/ENSG00000141298/ENSG00000084112/ENSG00000009694/ENSG00000124143/ENSG00000070182
GO:0030041,GO:0030041,actin filament polymerization,138,0.452355593949601,1.37869074419027,0.000243797767998,0.03825143016018,0.035405387345262,5598,"tags=71%, list=46%, signal=39%",ENSG00000120899/ENSG00000204472/ENSG00000153310/ENSG00000115306/ENSG00000115091/ENSG00000163157/ENSG00000197694/ENSG00000163466/ENSG00000197321/ENSG00000130429/ENSG00000113758/ENSG00000152229/ENSG00000151422/ENSG00000273749/ENSG00000136059/ENSG00000254999/ENSG00000145147/ENSG00000165527/ENSG00000124126/ENSG00000138071/ENSG00000042493/ENSG00000162643/ENSG00000146376/ENSG00000085733/ENSG00000180353/ENSG00000198898/ENSG00000136279/ENSG00000103187/ENSG00000198736/ENSG00000101336/ENSG00000125753/ENSG00000156735/ENSG00000070610/ENSG00000077264/ENSG00000107104/ENSG00000164144/ENSG00000136238/ENSG00000241553/ENSG00000006453/ENSG00000137478/ENSG00000151239/ENSG00000163932/ENSG00000130340/ENSG00000140368/ENSG00000158195/ENSG00000130787/ENSG00000164877/ENSG00000148700/ENSG00000111229/ENSG00000139734/ENSG00000135407/ENSG00000066777/ENSG00000007237/ENSG00000125863/ENSG00000126353/ENSG00000198793/ENSG00000106078/ENSG00000100151/ENSG00000177731/ENSG00000112290/ENSG00000070087/ENSG00000164327/ENSG00000179820/ENSG00000130755/ENSG00000137710/ENSG00000158856/ENSG00000172725/ENSG00000132970/ENSG00000167617/ENSG00000061676/ENSG00000197045/ENSG00000079691/ENSG00000164961/ENSG00000158428/ENSG00000171132/ENSG00000131504/ENSG00000108342/ENSG00000204991/ENSG00000148180/ENSG00000102879/ENSG00000109265/ENSG00000128298/ENSG00000105887/ENSG00000162704/ENSG00000077549/ENSG00000151491/ENSG00000172830/ENSG00000071051/ENSG00000138594/ENSG00000163380/ENSG00000143575/ENSG00000141298/ENSG00000084112/ENSG00000009694/ENSG00000124143/ENSG00000070182/ENSG00000173898/ENSG00000145715
GO:0009152,GO:0009152,purine ribonucleotide biosynthetic process,138,0.452002672019425,1.37761510766656,0.000252911442713,0.03825143016018,0.035405387345262,4927,"tags=58%, list=40%, signal=35%",ENSG00000105607/ENSG00000099194/ENSG00000157881/ENSG00000070019/ENSG00000176410/ENSG00000131473/ENSG00000162433/ENSG00000164742/ENSG00000068120/ENSG00000075239/ENSG00000249222/ENSG00000204228/ENSG00000165629/ENSG00000067992/ENSG00000103254/ENSG00000145217/ENSG00000152234/ENSG00000172992/ENSG00000155085/ENSG00000147853/ENSG00000120937/ENSG00000091140/ENSG00000186951/ENSG00000158828/ENSG00000152256/ENSG00000116459/ENSG00000123983/ENSG00000131069/ENSG00000133805/ENSG00000131828/ENSG00000143799/ENSG00000112981/ENSG00000155850/ENSG00000157593/ENSG00000172840/ENSG00000170522/ENSG00000241837/ENSG00000173175/ENSG00000138801/ENSG00000106992/ENSG00000185100/ENSG00000169710/ENSG00000099624/ENSG00000100577/ENSG00000105329/ENSG00000138363/ENSG00000143627/ENSG00000154723/ENSG00000116748/ENSG00000181322/ENSG00000076555/ENSG00000152402/ENSG00000153823/ENSG00000004455/ENSG00000109819/ENSG00000078295/ENSG00000103024/ENSG00000198712/ENSG00000110955/ENSG00000116337/ENSG00000221988/ENSG00000138031/ENSG00000127125/ENSG00000168291/ENSG00000165283/ENSG00000163655/ENSG00000125375/ENSG00000110435/ENSG00000198682/ENSG00000159899/ENSG00000155897/ENSG00000169020/ENSG00000159131/ENSG00000131238/ENSG00000164978/ENSG00000143156/ENSG00000149084/ENSG00000145439/ENSG00000100075/ENSG00000103202
GO:0002764,GO:0002764,immune response-regulating signaling pathway,239,0.41556117234961,1.29225181270886,0.000271138817929,0.03825143016018,0.035405387345262,4440,"tags=48%, list=36%, signal=31%",ENSG00000076662/ENSG00000144802/ENSG00000092098/ENSG00000115091/ENSG00000119508/ENSG00000092010/ENSG00000204264/ENSG00000196735/ENSG00000163466/ENSG00000004468/ENSG00000187796/ENSG00000130429/ENSG00000175104/ENSG00000113263/ENSG00000151422/ENSG00000111679/ENSG00000035720/ENSG00000104856/ENSG00000180370/ENSG00000112763/ENSG00000273749/ENSG00000060237/ENSG00000254999/ENSG00000254087/ENSG00000169550/ENSG00000140992/ENSG00000107485/ENSG00000104312/ENSG00000197943/ENSG00000138071/ENSG00000000938/ENSG00000198286/ENSG00000150637/ENSG00000136044/ENSG00000133246/ENSG00000132522/ENSG00000168918/ENSG00000101336/ENSG00000167604/ENSG00000050820/ENSG00000077264/ENSG00000145191/ENSG00000173039/ENSG00000131981/ENSG00000172175/ENSG00000125818/ENSG00000122574/ENSG00000105287/ENSG00000154822/ENSG00000125826/ENSG00000100351/ENSG00000136238/ENSG00000145555/ENSG00000115085/ENSG00000109381/ENSG00000081189/ENSG00000241553/ENSG00000163932/ENSG00000136573/ENSG00000165025/ENSG00000158195/ENSG00000134830/ENSG00000080815/ENSG00000096384/ENSG00000051382/ENSG00000103653/ENSG00000100324/ENSG00000111229/ENSG00000065675/ENSG00000062598/ENSG00000100911/ENSG00000104783/ENSG00000163874/ENSG00000087088/ENSG00000110801/ENSG00000141968/ENSG00000149273/ENSG00000109320/ENSG00000126353/ENSG00000133703/ENSG00000277734/ENSG00000115935/ENSG00000033327/ENSG00000176105/ENSG00000160293/ENSG00000157404/ENSG00000132155/ENSG00000115211/ENSG00000177425/ENSG00000130775/ENSG00000104365/ENSG00000146072/ENSG00000120690/ENSG00000080824/ENSG00000222028/ENSG00000213047/ENSG00000097007/ENSG00000121879/ENSG00000100030/ENSG00000061676/ENSG00000117322/ENSG00000076984/ENSG00000010671/ENSG00000109339/ENSG00000072736/ENSG00000136286/ENSG00000131378/ENSG00000165283/ENSG00000171132/ENSG00000136754/ENSG00000135605/ENSG00000150760/ENSG00000102882/ENSG00000184009
GO:0002768,GO:0002768,immune response-regulating cell surface receptor signaling pathway,239,0.41556117234961,1.29225181270886,0.000271138817929,0.03825143016018,0.035405387345262,4440,"tags=48%, list=36%, signal=31%",ENSG00000076662/ENSG00000144802/ENSG00000092098/ENSG00000115091/ENSG00000119508/ENSG00000092010/ENSG00000204264/ENSG00000196735/ENSG00000163466/ENSG00000004468/ENSG00000187796/ENSG00000130429/ENSG00000175104/ENSG00000113263/ENSG00000151422/ENSG00000111679/ENSG00000035720/ENSG00000104856/ENSG00000180370/ENSG00000112763/ENSG00000273749/ENSG00000060237/ENSG00000254999/ENSG00000254087/ENSG00000169550/ENSG00000140992/ENSG00000107485/ENSG00000104312/ENSG00000197943/ENSG00000138071/ENSG00000000938/ENSG00000198286/ENSG00000150637/ENSG00000136044/ENSG00000133246/ENSG00000132522/ENSG00000168918/ENSG00000101336/ENSG00000167604/ENSG00000050820/ENSG00000077264/ENSG00000145191/ENSG00000173039/ENSG00000131981/ENSG00000172175/ENSG00000125818/ENSG00000122574/ENSG00000105287/ENSG00000154822/ENSG00000125826/ENSG00000100351/ENSG00000136238/ENSG00000145555/ENSG00000115085/ENSG00000109381/ENSG00000081189/ENSG00000241553/ENSG00000163932/ENSG00000136573/ENSG00000165025/ENSG00000158195/ENSG00000134830/ENSG00000080815/ENSG00000096384/ENSG00000051382/ENSG00000103653/ENSG00000100324/ENSG00000111229/ENSG00000065675/ENSG00000062598/ENSG00000100911/ENSG00000104783/ENSG00000163874/ENSG00000087088/ENSG00000110801/ENSG00000141968/ENSG00000149273/ENSG00000109320/ENSG00000126353/ENSG00000133703/ENSG00000277734/ENSG00000115935/ENSG00000033327/ENSG00000176105/ENSG00000160293/ENSG00000157404/ENSG00000132155/ENSG00000115211/ENSG00000177425/ENSG00000130775/ENSG00000104365/ENSG00000146072/ENSG00000120690/ENSG00000080824/ENSG00000222028/ENSG00000213047/ENSG00000097007/ENSG00000121879/ENSG00000100030/ENSG00000061676/ENSG00000117322/ENSG00000076984/ENSG00000010671/ENSG00000109339/ENSG00000072736/ENSG00000136286/ENSG00000131378/ENSG00000165283/ENSG00000171132/ENSG00000136754/ENSG00000135605/ENSG00000150760/ENSG00000102882/ENSG00000184009
GO:0043588,GO:0043588,skin development,174,0.428272150314708,1.31622303344931,0.000271138817929,0.03825143016018,0.035405387345262,2607,"tags=29%, list=21%, signal=23%",ENSG00000164692/ENSG00000108821/ENSG00000037474/ENSG00000132470/ENSG00000108839/ENSG00000105699/ENSG00000149418/ENSG00000117595/ENSG00000118898/ENSG00000005884/ENSG00000163472/ENSG00000146648/ENSG00000142615/ENSG00000091409/ENSG00000062038/ENSG00000171243/ENSG00000081277/ENSG00000087116/ENSG00000147383/ENSG00000105427/ENSG00000134318/ENSG00000167968/ENSG00000092295/ENSG00000144283/ENSG00000112658/ENSG00000074047/ENSG00000135925/ENSG00000196139/ENSG00000173083/ENSG00000164305/ENSG00000265972/ENSG00000184363/ENSG00000014216/ENSG00000179526/ENSG00000112378/ENSG00000116133/ENSG00000186716/ENSG00000169744/ENSG00000173801/ENSG00000173039/ENSG00000143398/ENSG00000205213/ENSG00000185650/ENSG00000164171/ENSG00000164930/ENSG00000126247/ENSG00000096696/ENSG00000080815/ENSG00000117632/ENSG00000221926/ENSG00000165300
GO:0052547,GO:0052547,regulation of peptidase activity,257,0.411196390806989,1.28214393598332,0.000271138817929,0.03825143016018,0.035405387345262,3388,"tags=37%, list=28%, signal=28%",ENSG00000164850/ENSG00000003402/ENSG00000265190/ENSG00000108839/ENSG00000121858/ENSG00000186010/ENSG00000126453/ENSG00000137764/ENSG00000084093/ENSG00000092010/ENSG00000204264/ENSG00000081791/ENSG00000163359/ENSG00000169242/ENSG00000137275/ENSG00000187796/ENSG00000135919/ENSG00000204305/ENSG00000182718/ENSG00000149257/ENSG00000180370/ENSG00000135596/ENSG00000103175/ENSG00000125735/ENSG00000177398/ENSG00000214253/ENSG00000254087/ENSG00000134318/ENSG00000117676/ENSG00000090432/ENSG00000117525/ENSG00000127191/ENSG00000153113/ENSG00000162736/ENSG00000132906/ENSG00000023445/ENSG00000166401/ENSG00000104312/ENSG00000111640/ENSG00000273079/ENSG00000142208/ENSG00000114270/ENSG00000129521/ENSG00000144746/ENSG00000158828/ENSG00000075891/ENSG00000106333/ENSG00000148204/ENSG00000168040/ENSG00000233276/ENSG00000165672/ENSG00000188130/ENSG00000112378/ENSG00000116133/ENSG00000123612/ENSG00000104872/ENSG00000172175/ENSG00000125818/ENSG00000115414/ENSG00000079257/ENSG00000132386/ENSG00000157150/ENSG00000003400/ENSG00000129355/ENSG00000074370/ENSG00000162191/ENSG00000183087/ENSG00000145423/ENSG00000123243/ENSG00000185825/ENSG00000165025/ENSG00000176720/ENSG00000118965/ENSG00000130787/ENSG00000158901/ENSG00000118412/ENSG00000177189/ENSG00000169031/ENSG00000169855/ENSG00000158125/ENSG00000164741/ENSG00000071994/ENSG00000100911/ENSG00000087088/ENSG00000100234/ENSG00000249915/ENSG00000149273/ENSG00000197442/ENSG00000255501/ENSG00000123384/ENSG00000136305/ENSG00000169604/ENSG00000089289/ENSG00000132155/ENSG00000137558/ENSG00000168610
GO:0002431,GO:0002431,Fc receptor mediated stimulatory signaling pathway,66,0.516222693377865,1.49999486817261,0.000289366222113,0.039802323851663,0.036840889015353,4440,"tags=62%, list=36%, signal=40%",ENSG00000115091/ENSG00000119508/ENSG00000163466/ENSG00000130429/ENSG00000273749/ENSG00000254999/ENSG00000254087/ENSG00000197943/ENSG00000138071/ENSG00000000938/ENSG00000150637/ENSG00000136044/ENSG00000101336/ENSG00000122574/ENSG00000136238/ENSG00000145555/ENSG00000241553/ENSG00000163932/ENSG00000136573/ENSG00000165025/ENSG00000158195/ENSG00000096384/ENSG00000051382/ENSG00000103653/ENSG00000111229/ENSG00000062598/ENSG00000141968/ENSG00000115935/ENSG00000176105/ENSG00000160293/ENSG00000080824/ENSG00000097007/ENSG00000121879/ENSG00000100030/ENSG00000061676/ENSG00000136286/ENSG00000171132/ENSG00000136754/ENSG00000150760/ENSG00000102882/ENSG00000184009
GO:0016577,GO:0016577,histone demethylation,21,0.659303569416294,1.71546026806024,0.000327785848279,0.043987261883626,0.040714452733548,1902,"tags=48%, list=16%, signal=40%",ENSG00000089094/ENSG00000117139/ENSG00000107077/ENSG00000073614/ENSG00000070495/ENSG00000120733/ENSG00000099364/ENSG00000171988/ENSG00000012817/ENSG00000172943
GO:0052548,GO:0052548,regulation of endopeptidase activity,237,0.417870366186789,1.29874849778255,0.000353162300127,0.045870788312308,0.042457838078965,2999,"tags=35%, list=25%, signal=27%",ENSG00000164850/ENSG00000003402/ENSG00000265190/ENSG00000108839/ENSG00000121858/ENSG00000186010/ENSG00000126453/ENSG00000137764/ENSG00000084093/ENSG00000092010/ENSG00000204264/ENSG00000081791/ENSG00000163359/ENSG00000169242/ENSG00000137275/ENSG00000187796/ENSG00000135919/ENSG00000204305/ENSG00000182718/ENSG00000149257/ENSG00000180370/ENSG00000135596/ENSG00000103175/ENSG00000125735/ENSG00000214253/ENSG00000254087/ENSG00000134318/ENSG00000117676/ENSG00000090432/ENSG00000117525/ENSG00000127191/ENSG00000153113/ENSG00000162736/ENSG00000132906/ENSG00000023445/ENSG00000166401/ENSG00000104312/ENSG00000111640/ENSG00000273079/ENSG00000142208/ENSG00000114270/ENSG00000129521/ENSG00000144746/ENSG00000075891/ENSG00000148204/ENSG00000168040/ENSG00000233276/ENSG00000165672/ENSG00000112378/ENSG00000116133/ENSG00000123612/ENSG00000104872/ENSG00000172175/ENSG00000125818/ENSG00000079257/ENSG00000132386/ENSG00000157150/ENSG00000003400/ENSG00000129355/ENSG00000074370/ENSG00000183087/ENSG00000145423/ENSG00000123243/ENSG00000185825/ENSG00000165025/ENSG00000176720/ENSG00000118965/ENSG00000130787/ENSG00000158901/ENSG00000118412/ENSG00000177189/ENSG00000169031/ENSG00000169855/ENSG00000158125/ENSG00000164741/ENSG00000071994/ENSG00000100911/ENSG00000087088/ENSG00000100234/ENSG00000249915/ENSG00000149273/ENSG00000197442
GO:0035082,GO:0035082,axoneme assembly,43,0.560945945489024,1.56844147510776,0.000362276041085,0.045870788312308,0.042457838078965,4029,"tags=77%, list=33%, signal=52%",ENSG00000164818/ENSG00000181378/ENSG00000172426/ENSG00000162643/ENSG00000154099/ENSG00000169126/ENSG00000119661/ENSG00000129295/ENSG00000107954/ENSG00000155530/ENSG00000039139/ENSG00000198003/ENSG00000197748/ENSG00000187726/ENSG00000080572/ENSG00000160401/ENSG00000101222/ENSG00000160188/ENSG00000141933/ENSG00000152763/ENSG00000144451/ENSG00000141013/ENSG00000142609/ENSG00000141519/ENSG00000100271/ENSG00000165506/ENSG00000118690/ENSG00000284862/ENSG00000272514/ENSG00000137821/ENSG00000171811/ENSG00000155761/ENSG00000104450
GO:0007015,GO:0007015,actin filament organization,331,0.397214954785728,1.24820448727173,0.000366832912712,0.045870788312308,0.042457838078965,4503,"tags=48%, list=37%, signal=31%",ENSG00000120899/ENSG00000099250/ENSG00000204472/ENSG00000120756/ENSG00000153310/ENSG00000115306/ENSG00000115091/ENSG00000163157/ENSG00000187017/ENSG00000197694/ENSG00000163466/ENSG00000197321/ENSG00000146950/ENSG00000130429/ENSG00000136167/ENSG00000184292/ENSG00000165322/ENSG00000113758/ENSG00000152229/ENSG00000151422/ENSG00000198087/ENSG00000158352/ENSG00000177105/ENSG00000075618/ENSG00000180370/ENSG00000135596/ENSG00000273749/ENSG00000136059/ENSG00000254999/ENSG00000134318/ENSG00000158769/ENSG00000145147/ENSG00000165527/ENSG00000083857/ENSG00000050405/ENSG00000115355/ENSG00000126878/ENSG00000102890/ENSG00000071127/ENSG00000110880/ENSG00000124126/ENSG00000006611/ENSG00000112658/ENSG00000112137/ENSG00000138071/ENSG00000042493/ENSG00000162643/ENSG00000146376/ENSG00000085733/ENSG00000180353/ENSG00000198898/ENSG00000124507/ENSG00000159251/ENSG00000072110/ENSG00000136279/ENSG00000103187/ENSG00000198736/ENSG00000154556/ENSG00000101336/ENSG00000050820/ENSG00000125753/ENSG00000156735/ENSG00000070610/ENSG00000073712/ENSG00000077264/ENSG00000128340/ENSG00000107562/ENSG00000186765/ENSG00000107104/ENSG00000077522/ENSG00000164144/ENSG00000136238/ENSG00000241553/ENSG00000006453/ENSG00000137478/ENSG00000151239/ENSG00000163932/ENSG00000143632/ENSG00000130340/ENSG00000169994/ENSG00000174527/ENSG00000115956/ENSG00000138771/ENSG00000128641/ENSG00000140368/ENSG00000160284/ENSG00000104880/ENSG00000198121/ENSG00000050327/ENSG00000158195/ENSG00000130787/ENSG00000164877/ENSG00000089159/ENSG00000117632/ENSG00000142347/ENSG00000148700/ENSG00000164741/ENSG00000111229/ENSG00000148935/ENSG00000062598/ENSG00000139734/ENSG00000135407/ENSG00000113657/ENSG00000140030/ENSG00000066777/ENSG00000111859/ENSG00000007237/ENSG00000125863/ENSG00000133816/ENSG00000277443/ENSG00000126353/ENSG00000198793/ENSG00000106078/ENSG00000115935/ENSG00000074054/ENSG00000100151/ENSG00000172757/ENSG00000177731/ENSG00000112290/ENSG00000070087/ENSG00000140750/ENSG00000164327/ENSG00000179820/ENSG00000148468/ENSG00000119185/ENSG00000166317/ENSG00000128833/ENSG00000241360/ENSG00000177425/ENSG00000130755/ENSG00000137710/ENSG00000106799/ENSG00000187164/ENSG00000097007/ENSG00000158856/ENSG00000172725/ENSG00000121879/ENSG00000137460/ENSG00000132970/ENSG00000152527/ENSG00000167617/ENSG00000061676/ENSG00000139725/ENSG00000197045/ENSG00000079691/ENSG00000166598/ENSG00000164961/ENSG00000158428/ENSG00000136286/ENSG00000171132/ENSG00000131504/ENSG00000163219/ENSG00000164251/ENSG00000136754/ENSG00000164403/ENSG00000107140/ENSG00000108342/ENSG00000184009/ENSG00000204991/ENSG00000125968
GO:0006099,GO:0006099,tricarboxylic acid cycle,30,0.587887667647345,1.59323156608658,0.000403287909863,0.049086062811866,0.04543388468955,2965,"tags=63%, list=24%, signal=48%",ENSG00000166411/ENSG00000204370/ENSG00000119689/ENSG00000014641/ENSG00000146701/ENSG00000181192/ENSG00000091483/ENSG00000143252/ENSG00000091140/ENSG00000163541/ENSG00000131828/ENSG00000073578/ENSG00000117118/ENSG00000136143/ENSG00000138400/ENSG00000067829/ENSG00000138413/ENSG00000182054/ENSG00000172340
GO:0002429,GO:0002429,immune response-activating cell surface receptor signaling pathway,224,0.421183108912493,1.30647350158728,0.000435186061669,0.049086062811866,0.04543388468955,4440,"tags=48%, list=36%, signal=31%",ENSG00000076662/ENSG00000144802/ENSG00000092098/ENSG00000115091/ENSG00000119508/ENSG00000092010/ENSG00000204264/ENSG00000196735/ENSG00000163466/ENSG00000004468/ENSG00000187796/ENSG00000130429/ENSG00000175104/ENSG00000113263/ENSG00000111679/ENSG00000035720/ENSG00000104856/ENSG00000180370/ENSG00000112763/ENSG00000273749/ENSG00000060237/ENSG00000254999/ENSG00000254087/ENSG00000169550/ENSG00000140992/ENSG00000107485/ENSG00000104312/ENSG00000197943/ENSG00000138071/ENSG00000000938/ENSG00000198286/ENSG00000150637/ENSG00000136044/ENSG00000133246/ENSG00000132522/ENSG00000168918/ENSG00000101336/ENSG00000167604/ENSG00000050820/ENSG00000077264/ENSG00000145191/ENSG00000173039/ENSG00000131981/ENSG00000172175/ENSG00000125818/ENSG00000122574/ENSG00000105287/ENSG00000154822/ENSG00000125826/ENSG00000100351/ENSG00000136238/ENSG00000145555/ENSG00000115085/ENSG00000109381/ENSG00000081189/ENSG00000241553/ENSG00000163932/ENSG00000136573/ENSG00000165025/ENSG00000158195/ENSG00000134830/ENSG00000080815/ENSG00000096384/ENSG00000051382/ENSG00000103653/ENSG00000100324/ENSG00000111229/ENSG00000065675/ENSG00000062598/ENSG00000100911/ENSG00000104783/ENSG00000163874/ENSG00000087088/ENSG00000110801/ENSG00000141968/ENSG00000149273/ENSG00000109320/ENSG00000126353/ENSG00000133703/ENSG00000277734/ENSG00000115935/ENSG00000176105/ENSG00000160293/ENSG00000132155/ENSG00000115211/ENSG00000177425/ENSG00000130775/ENSG00000104365/ENSG00000146072/ENSG00000120690/ENSG00000080824/ENSG00000222028/ENSG00000213047/ENSG00000097007/ENSG00000121879/ENSG00000100030/ENSG00000061676/ENSG00000117322/ENSG00000010671/ENSG00000136286/ENSG00000131378/ENSG00000165283/ENSG00000171132/ENSG00000136754/ENSG00000135605/ENSG00000150760/ENSG00000102882/ENSG00000184009
GO:0002757,GO:0002757,immune response-activating signal transduction,224,0.421183108912493,1.30647350158728,0.000435186061669,0.049086062811866,0.04543388468955,4440,"tags=48%, list=36%, signal=31%",ENSG00000076662/ENSG00000144802/ENSG00000092098/ENSG00000115091/ENSG00000119508/ENSG00000092010/ENSG00000204264/ENSG00000196735/ENSG00000163466/ENSG00000004468/ENSG00000187796/ENSG00000130429/ENSG00000175104/ENSG00000113263/ENSG00000111679/ENSG00000035720/ENSG00000104856/ENSG00000180370/ENSG00000112763/ENSG00000273749/ENSG00000060237/ENSG00000254999/ENSG00000254087/ENSG00000169550/ENSG00000140992/ENSG00000107485/ENSG00000104312/ENSG00000197943/ENSG00000138071/ENSG00000000938/ENSG00000198286/ENSG00000150637/ENSG00000136044/ENSG00000133246/ENSG00000132522/ENSG00000168918/ENSG00000101336/ENSG00000167604/ENSG00000050820/ENSG00000077264/ENSG00000145191/ENSG00000173039/ENSG00000131981/ENSG00000172175/ENSG00000125818/ENSG00000122574/ENSG00000105287/ENSG00000154822/ENSG00000125826/ENSG00000100351/ENSG00000136238/ENSG00000145555/ENSG00000115085/ENSG00000109381/ENSG00000081189/ENSG00000241553/ENSG00000163932/ENSG00000136573/ENSG00000165025/ENSG00000158195/ENSG00000134830/ENSG00000080815/ENSG00000096384/ENSG00000051382/ENSG00000103653/ENSG00000100324/ENSG00000111229/ENSG00000065675/ENSG00000062598/ENSG00000100911/ENSG00000104783/ENSG00000163874/ENSG00000087088/ENSG00000110801/ENSG00000141968/ENSG00000149273/ENSG00000109320/ENSG00000126353/ENSG00000133703/ENSG00000277734/ENSG00000115935/ENSG00000176105/ENSG00000160293/ENSG00000132155/ENSG00000115211/ENSG00000177425/ENSG00000130775/ENSG00000104365/ENSG00000146072/ENSG00000120690/ENSG00000080824/ENSG00000222028/ENSG00000213047/ENSG00000097007/ENSG00000121879/ENSG00000100030/ENSG00000061676/ENSG00000117322/ENSG00000010671/ENSG00000136286/ENSG00000131378/ENSG00000165283/ENSG00000171132/ENSG00000136754/ENSG00000135605/ENSG00000150760/ENSG00000102882/ENSG00000184009
GO:0001667,GO:0001667,ameboidal-type cell migration,331,0.395596203340019,1.24311773816028,0.00045341358692,0.049086062811866,0.04543388468955,3219,"tags=37%, list=26%, signal=28%",ENSG00000120899/ENSG00000099250/ENSG00000113140/ENSG00000132470/ENSG00000137872/ENSG00000108839/ENSG00000108561/ENSG00000131236/ENSG00000160447/ENSG00000123159/ENSG00000164107/ENSG00000137764/ENSG00000005884/ENSG00000100644/ENSG00000185155/ENSG00000169242/ENSG00000178568/ENSG00000144724/ENSG00000184292/ENSG00000151422/ENSG00000132698/ENSG00000177963/ENSG00000048052/ENSG00000185043/ENSG00000197635/ENSG00000118257/ENSG00000134318/ENSG00000166974/ENSG00000261150/ENSG00000145147/ENSG00000165527/ENSG00000112486/ENSG00000163430/ENSG00000110880/ENSG00000140992/ENSG00000091879/ENSG00000112658/ENSG00000116717/ENSG00000107485/ENSG00000197943/ENSG00000152234/ENSG00000147459/ENSG00000142208/ENSG00000185033/ENSG00000105894/ENSG00000100345/ENSG00000136044/ENSG00000004399/ENSG00000166582/ENSG00000164619/ENSG00000148204/ENSG00000116586/ENSG00000105220/ENSG00000122694/ENSG00000179218/ENSG00000233276/ENSG00000050820/ENSG00000156735/ENSG00000199135/ENSG00000061273/ENSG00000077264/ENSG00000173801/ENSG00000123612/ENSG00000105509/ENSG00000145632/ENSG00000143398/ENSG00000143951/ENSG00000157927/ENSG00000115414/ENSG00000107104/ENSG00000105287/ENSG00000132386/ENSG00000116044/ENSG00000136238/ENSG00000163638/ENSG00000058668/ENSG00000138623/ENSG00000081189/ENSG00000179051/ENSG00000113070/ENSG00000164171/ENSG00000173269/ENSG00000169554/ENSG00000170558/ENSG00000113273/ENSG00000131016/ENSG00000183023/ENSG00000198909/ENSG00000138061/ENSG00000153993/ENSG00000180318/ENSG00000158195/ENSG00000138772/ENSG00000092421/ENSG00000111961/ENSG00000089159/ENSG00000117020/ENSG00000051382/ENSG00000140945/ENSG00000173482/ENSG00000169855/ENSG00000171680/ENSG00000123358/ENSG00000107831/ENSG00000130203/ENSG00000163874/ENSG00000185591/ENSG00000249915/ENSG00000105329/ENSG00000198793/ENSG00000179889/ENSG00000171951/ENSG00000101311/ENSG00000132669/ENSG00000074054/ENSG00000128917/ENSG00000160255/ENSG00000126016/ENSG00000070087/ENSG00000157404/ENSG00000037280
GO:0015980,GO:0015980,energy derivation by oxidation of organic compounds,218,0.422882247692922,1.31062487378981,0.00045341358692,0.049086062811866,0.04543388468955,3983,"tags=47%, list=33%, signal=32%",ENSG00000131459/ENSG00000186010/ENSG00000164776/ENSG00000119508/ENSG00000100644/ENSG00000115286/ENSG00000166411/ENSG00000204370/ENSG00000010256/ENSG00000119689/ENSG00000014641/ENSG00000146701/ENSG00000115944/ENSG00000158864/ENSG00000178741/ENSG00000147684/ENSG00000137806/ENSG00000023228/ENSG00000181192/ENSG00000156467/ENSG00000115159/ENSG00000139180/ENSG00000184076/ENSG00000179091/ENSG00000121691/ENSG00000111713/ENSG00000131143/ENSG00000132825/ENSG00000198695/ENSG00000140740/ENSG00000213619/ENSG00000091483/ENSG00000088682/ENSG00000143252/ENSG00000065518/ENSG00000181649/ENSG00000136521/ENSG00000142208/ENSG00000167792/ENSG00000104812/ENSG00000091140/ENSG00000158828/ENSG00000068976/ENSG00000113555/ENSG00000163541/ENSG00000140374/ENSG00000235194/ENSG00000006695/ENSG00000131828/ENSG00000130414/ENSG00000073578/ENSG00000105379/ENSG00000166603/ENSG00000023287/ENSG00000196182/ENSG00000119013/ENSG00000131495/ENSG00000259112/ENSG00000184983/ENSG00000189043/ENSG00000117118/ENSG00000168653/ENSG00000165060/ENSG00000127184/ENSG00000119715/ENSG00000184903/ENSG00000136143/ENSG00000004779/ENSG00000099795/ENSG00000138400/ENSG00000135940/ENSG00000110717/ENSG00000067177/ENSG00000067829/ENSG00000140990/ENSG00000138413/ENSG00000044446/ENSG00000155463/ENSG00000219607/ENSG00000182054/ENSG00000099624/ENSG00000056998/ENSG00000172340/ENSG00000198793/ENSG00000084092/ENSG00000145494/ENSG00000125356/ENSG00000100412/ENSG00000122873/ENSG00000153823/ENSG00000169764/ENSG00000184752/ENSG00000109819/ENSG00000115520/ENSG00000180185/ENSG00000198712/ENSG00000169230/ENSG00000116678/ENSG00000121879/ENSG00000119938/ENSG00000168275/ENSG00000163794/ENSG00000198888
GO:0030833,GO:0030833,regulation of actin filament polymerization,122,0.454333337389664,1.37385940001547,0.000462527351907,0.049086062811866,0.04543388468955,5666,"tags=72%, list=46%, signal=39%",ENSG00000120899/ENSG00000153310/ENSG00000115306/ENSG00000115091/ENSG00000163157/ENSG00000197694/ENSG00000163466/ENSG00000197321/ENSG00000130429/ENSG00000113758/ENSG00000151422/ENSG00000273749/ENSG00000136059/ENSG00000254999/ENSG00000145147/ENSG00000165527/ENSG00000124126/ENSG00000138071/ENSG00000042493/ENSG00000162643/ENSG00000146376/ENSG00000085733/ENSG00000180353/ENSG00000198898/ENSG00000136279/ENSG00000103187/ENSG00000101336/ENSG00000125753/ENSG00000156735/ENSG00000070610/ENSG00000077264/ENSG00000107104/ENSG00000164144/ENSG00000241553/ENSG00000006453/ENSG00000137478/ENSG00000151239/ENSG00000163932/ENSG00000130340/ENSG00000158195/ENSG00000130787/ENSG00000148700/ENSG00000111229/ENSG00000135407/ENSG00000066777/ENSG00000125863/ENSG00000126353/ENSG00000198793/ENSG00000100151/ENSG00000177731/ENSG00000112290/ENSG00000070087/ENSG00000164327/ENSG00000179820/ENSG00000130755/ENSG00000137710/ENSG00000158856/ENSG00000172725/ENSG00000132970/ENSG00000167617/ENSG00000061676/ENSG00000197045/ENSG00000079691/ENSG00000164961/ENSG00000171132/ENSG00000108342/ENSG00000204991/ENSG00000148180/ENSG00000102879/ENSG00000109265/ENSG00000128298/ENSG00000105887/ENSG00000162704/ENSG00000077549/ENSG00000151491/ENSG00000172830/ENSG00000071051/ENSG00000138594/ENSG00000163380/ENSG00000143575/ENSG00000141298/ENSG00000084112/ENSG00000009694/ENSG00000124143/ENSG00000070182/ENSG00000173898/ENSG00000145715/ENSG00000138443
GO:0006482,GO:0006482,protein demethylation,23,0.637590475373652,1.67997062223898,0.000463917714689,0.049086062811866,0.04543388468955,1902,"tags=43%, list=16%, signal=37%",ENSG00000089094/ENSG00000117139/ENSG00000107077/ENSG00000073614/ENSG00000070495/ENSG00000120733/ENSG00000099364/ENSG00000171988/ENSG00000012817/ENSG00000172943
GO:0008214,GO:0008214,protein dealkylation,23,0.637590475373652,1.67997062223898,0.000463917714689,0.049086062811866,0.04543388468955,1902,"tags=43%, list=16%, signal=37%",ENSG00000089094/ENSG00000117139/ENSG00000107077/ENSG00000073614/ENSG00000070495/ENSG00000120733/ENSG00000099364/ENSG00000171988/ENSG00000012817/ENSG00000172943
