"","X","ID","Description","setSize","enrichmentScore","NES","pvalue","p.adjust","qvalues","rank","leading_edge","core_enrichment","immune_system_processes","regulation_of_immune_system_processes","immune_response_regulating_signaling_pathway","cytokine_production","cytokine_mediated_signaling_pathway","defense_response","regulation_of_defense_response","leukocyte_proliferation"
"GO:0010951","GO:0010951","GO:0010951","negative regulation of endopeptidase activity",115,-0.653057797288896,-2.00257805588144,7.4044600405144e-08,0.000408355971234369,0.00036632591779387,666,"tags=19%, list=5%, signal=18%","ENSG00000148204/ENSG00000135744/ENSG00000116133/ENSG00000157150/ENSG00000140093/ENSG00000184500/ENSG00000167711/ENSG00000113889/ENSG00000114270/ENSG00000151655/ENSG00000149131/ENSG00000090512/ENSG00000099937/ENSG00000125730/ENSG00000100665/ENSG00000106804/ENSG00000166535/ENSG00000162267/ENSG00000106927/ENSG00000117601/ENSG00000145192/ENSG00000012223","FALSE","FALSE","FALSE","FALSE","FALSE","FALSE","FALSE","FALSE"
"GO:0050853","GO:0050853","GO:0050853","B cell receptor signaling pathway",38,0.757473710283916,2.24646616256167,3.35130471406142e-07,0.000610376399107354,0.000547553385657215,637,"tags=26%, list=5%, signal=25%","ENSG00000012124/ENSG00000211899/ENSG00000196092/ENSG00000105369/ENSG00000159216/ENSG00000010671/ENSG00000160999/ENSG00000081189/ENSG00000165025/ENSG00000131378","TRUE","TRUE","TRUE","FALSE","FALSE","FALSE","FALSE","FALSE"
"GO:0045214","GO:0045214","GO:0045214","sarcomere organization",30,-0.830221981317608,-2.07086475513906,3.72686664219095e-07,0.000610376399107354,0.000547553385657215,1083,"tags=40%, list=9%, signal=37%","ENSG00000100625/ENSG00000105048/ENSG00000172399/ENSG00000129170/ENSG00000155657/ENSG00000173991/ENSG00000170807/ENSG00000239474/ENSG00000122367/ENSG00000143318/ENSG00000177791/ENSG00000166317","FALSE","FALSE","FALSE","FALSE","FALSE","FALSE","FALSE","FALSE"
"GO:0051146","GO:0051146","GO:0051146","striated muscle cell differentiation",207,-0.55817260812292,-1.82958310550567,6.64054106009814e-07,0.000610376399107354,0.000547553385657215,1320,"tags=20%, list=11%, signal=18%","ENSG00000157119/ENSG00000089225/ENSG00000115593/ENSG00000179218/ENSG00000113083/ENSG00000100625/ENSG00000105048/ENSG00000167244/ENSG00000172399/ENSG00000129170/ENSG00000133392/ENSG00000061492/ENSG00000112837/ENSG00000154342/ENSG00000136574/ENSG00000132429/ENSG00000077092/ENSG00000135547/ENSG00000134057/ENSG00000155657/ENSG00000184058/ENSG00000283927/ENSG00000125084/ENSG00000173991/ENSG00000126778/ENSG00000185482/ENSG00000102554/ENSG00000170175/ENSG00000187616/ENSG00000170807/ENSG00000133454/ENSG00000239474/ENSG00000122180/ENSG00000197893/ENSG00000017427/ENSG00000143632/ENSG00000111049/ENSG00000122367/ENSG00000143318/ENSG00000198796/ENSG00000177791/ENSG00000166317","FALSE","FALSE","FALSE","FALSE","FALSE","FALSE","FALSE","FALSE"
"GO:0071103","GO:0071103","GO:0071103","DNA conformation change",207,-0.545549474324346,-1.78820688603465,3.14567535243666e-06,0.00177776330575656,0.00159478695176902,2984,"tags=47%, list=24%, signal=36%","ENSG00000132475/ENSG00000049541/ENSG00000166508/ENSG00000187790/ENSG00000118900/ENSG00000047410/ENSG00000169689/ENSG00000119335/ENSG00000120334/ENSG00000138375/ENSG00000175334/ENSG00000111445/ENSG00000141510/ENSG00000124535/ENSG00000121988/ENSG00000112941/ENSG00000181163/ENSG00000145736/ENSG00000151725/ENSG00000177302/ENSG00000101945/ENSG00000132383/ENSG00000105011/ENSG00000163918/ENSG00000175792/ENSG00000111358/ENSG00000154767/ENSG00000189060/ENSG00000163104/ENSG00000132740/ENSG00000134452/ENSG00000164104/ENSG00000132780/ENSG00000143799/ENSG00000136492/ENSG00000020922/ENSG00000130726/ENSG00000189403/ENSG00000099284/ENSG00000187475/ENSG00000162521/ENSG00000075856/ENSG00000178460/ENSG00000107815/ENSG00000085999/ENSG00000198765/ENSG00000147316/ENSG00000145907/ENSG00000135046/ENSG00000160957/ENSG00000102384/ENSG00000140451/ENSG00000102038/ENSG00000156502/ENSG00000068878/ENSG00000188486/ENSG00000051180/ENSG00000188312/ENSG00000112118/ENSG00000129534/ENSG00000197837/ENSG00000196497/ENSG00000119969/ENSG00000166451/ENSG00000186871/ENSG00000076003/ENSG00000136982/ENSG00000106028/ENSG00000149503/ENSG00000133119/ENSG00000100297/ENSG00000159055/ENSG00000010292/ENSG00000101812/ENSG00000100162/ENSG00000163312/ENSG00000111877/ENSG00000197275/ENSG00000167670/ENSG00000183598/ENSG00000109805/ENSG00000136824/ENSG00000102901/ENSG00000104738/ENSG00000121152/ENSG00000146918/ENSG00000073111/ENSG00000013573/ENSG00000131747/ENSG00000146670/ENSG00000134057/ENSG00000155657/ENSG00000159259/ENSG00000168802/ENSG00000164850/ENSG00000123219/ENSG00000111732","FALSE","FALSE","FALSE","FALSE","FALSE","FALSE","FALSE","FALSE"
"GO:0006261","GO:0006261","GO:0006261","DNA-dependent DNA replication",123,-0.604437194574974,-1.87214031111166,3.87481641327995e-06,0.00177776330575656,0.00159478695176902,2976,"tags=59%, list=24%, signal=45%","ENSG00000105173/ENSG00000049541/ENSG00000166508/ENSG00000187790/ENSG00000169689/ENSG00000106399/ENSG00000138375/ENSG00000111445/ENSG00000124535/ENSG00000140534/ENSG00000121988/ENSG00000198783/ENSG00000178295/ENSG00000093009/ENSG00000084073/ENSG00000140521/ENSG00000168411/ENSG00000109917/ENSG00000132383/ENSG00000163918/ENSG00000062822/ENSG00000135336/ENSG00000006634/ENSG00000154920/ENSG00000113318/ENSG00000112312/ENSG00000097046/ENSG00000134452/ENSG00000165283/ENSG00000101347/ENSG00000117748/ENSG00000020922/ENSG00000146143/ENSG00000183765/ENSG00000160949/ENSG00000178460/ENSG00000107815/ENSG00000101868/ENSG00000160957/ENSG00000181938/ENSG00000163781/ENSG00000285816/ENSG00000065328/ENSG00000051180/ENSG00000115942/ENSG00000112118/ENSG00000129173/ENSG00000143971/ENSG00000076003/ENSG00000147536/ENSG00000136982/ENSG00000106028/ENSG00000133119/ENSG00000105486/ENSG00000100297/ENSG00000198554/ENSG00000132646/ENSG00000159147/ENSG00000111877/ENSG00000164815/ENSG00000111328/ENSG00000104738/ENSG00000073111/ENSG00000013573/ENSG00000183763/ENSG00000165891/ENSG00000146263/ENSG00000204086/ENSG00000112029/ENSG00000168802/ENSG00000161692/ENSG00000111732/ENSG00000100479","FALSE","FALSE","FALSE","FALSE","FALSE","FALSE","FALSE","FALSE"
"GO:0050900","GO:0050900","GO:0050900","leukocyte migration",269,0.411778575664707,1.72828945441426,4.01329561153724e-06,0.00177776330575656,0.00159478695176902,2181,"tags=35%, list=18%, signal=30%","ENSG00000211899/ENSG00000160683/ENSG00000007908/ENSG00000171522/ENSG00000112175/ENSG00000237412/ENSG00000150455/ENSG00000075340/ENSG00000162897/ENSG00000115232/ENSG00000137801/ENSG00000133789/ENSG00000162692/ENSG00000184371/ENSG00000123454/ENSG00000177398/ENSG00000101280/ENSG00000101336/ENSG00000134830/ENSG00000169508/ENSG00000122592/ENSG00000100600/ENSG00000136160/ENSG00000119630/ENSG00000141968/ENSG00000110080/ENSG00000177105/ENSG00000169313/ENSG00000168918/ENSG00000177628/ENSG00000165025/ENSG00000021488/ENSG00000138135/ENSG00000119919/ENSG00000167207/ENSG00000141655/ENSG00000130300/ENSG00000089060/ENSG00000140678/ENSG00000128340/ENSG00000015413/ENSG00000183087/ENSG00000182578/ENSG00000127129/ENSG00000261371/ENSG00000153208/ENSG00000168329/ENSG00000124126/ENSG00000196415/ENSG00000100311/ENSG00000204472/ENSG00000147443/ENSG00000145147/ENSG00000160255/ENSG00000147573/ENSG00000174600/ENSG00000151651/ENSG00000063660/ENSG00000107562/ENSG00000162512/ENSG00000121966/ENSG00000168421/ENSG00000165731/ENSG00000172817/ENSG00000170890/ENSG00000117407/ENSG00000136286/ENSG00000166923/ENSG00000091879/ENSG00000213949/ENSG00000151490/ENSG00000271447/ENSG00000121053/ENSG00000183018/ENSG00000110651/ENSG00000102879/ENSG00000164251/ENSG00000090863/ENSG00000130876/ENSG00000124145/ENSG00000157404/ENSG00000111679/ENSG00000102181/ENSG00000204305/ENSG00000100739/ENSG00000197635/ENSG00000186810/ENSG00000105974/ENSG00000129244/ENSG00000158769/ENSG00000126353/ENSG00000143369/ENSG00000180871/ENSG00000107099/ENSG00000120129","TRUE","FALSE","FALSE","FALSE","FALSE","FALSE","FALSE","FALSE"
"GO:0006260","GO:0006260","GO:0006260","DNA replication",216,-0.53593081326547,-1.76430320176255,4.38305588514441e-06,0.00177776330575656,0.00159478695176902,2976,"tags=50%, list=24%, signal=39%","ENSG00000105173/ENSG00000049541/ENSG00000171848/ENSG00000166508/ENSG00000187790/ENSG00000169689/ENSG00000119335/ENSG00000106399/ENSG00000174405/ENSG00000138375/ENSG00000113456/ENSG00000111445/ENSG00000141510/ENSG00000124535/ENSG00000140534/ENSG00000121988/ENSG00000152193/ENSG00000105821/ENSG00000198783/ENSG00000178295/ENSG00000177302/ENSG00000093009/ENSG00000084073/ENSG00000140521/ENSG00000048392/ENSG00000168411/ENSG00000109917/ENSG00000128951/ENSG00000132383/ENSG00000163918/ENSG00000062822/ENSG00000135336/ENSG00000006634/ENSG00000154920/ENSG00000113318/ENSG00000112312/ENSG00000097046/ENSG00000132740/ENSG00000149136/ENSG00000134452/ENSG00000165283/ENSG00000101347/ENSG00000132780/ENSG00000136492/ENSG00000117748/ENSG00000020922/ENSG00000172613/ENSG00000146143/ENSG00000183765/ENSG00000204371/ENSG00000160949/ENSG00000162521/ENSG00000178460/ENSG00000107815/ENSG00000178966/ENSG00000101868/ENSG00000138376/ENSG00000174371/ENSG00000092853/ENSG00000149311/ENSG00000160957/ENSG00000181938/ENSG00000140451/ENSG00000163781/ENSG00000113575/ENSG00000138798/ENSG00000285816/ENSG00000065328/ENSG00000051180/ENSG00000167325/ENSG00000115942/ENSG00000112118/ENSG00000162599/ENSG00000129173/ENSG00000143971/ENSG00000076003/ENSG00000147536/ENSG00000136982/ENSG00000106028/ENSG00000166803/ENSG00000133119/ENSG00000105486/ENSG00000170312/ENSG00000100297/ENSG00000198554/ENSG00000132646/ENSG00000159147/ENSG00000111877/ENSG00000167670/ENSG00000171320/ENSG00000164815/ENSG00000111328/ENSG00000104738/ENSG00000143476/ENSG00000145386/ENSG00000073111/ENSG00000013573/ENSG00000183763/ENSG00000165891/ENSG00000146263/ENSG00000204086/ENSG00000112029/ENSG00000159259/ENSG00000168802/ENSG00000161692/ENSG00000111732/ENSG00000100479/ENSG00000263761","FALSE","FALSE","FALSE","FALSE","FALSE","FALSE","FALSE","FALSE"
"GO:0006281","GO:0006281","GO:0006281","DNA repair",415,-0.474260237711105,-1.62966081280793,4.48172374116906e-06,0.00177776330575656,0.00159478695176902,3430,"tags=44%, list=28%, signal=33%","ENSG00000128908/ENSG00000158161/ENSG00000010072/ENSG00000128513/ENSG00000103194/ENSG00000069275/ENSG00000014824/ENSG00000163882/ENSG00000079616/ENSG00000100865/ENSG00000151657/ENSG00000141030/ENSG00000131153/ENSG00000091483/ENSG00000112249/ENSG00000204991/ENSG00000149923/ENSG00000112039/ENSG00000183207/ENSG00000146648/ENSG00000175073/ENSG00000141255/ENSG00000048028/ENSG00000165280/ENSG00000049541/ENSG00000169189/ENSG00000166508/ENSG00000187790/ENSG00000198890/ENSG00000162039/ENSG00000169689/ENSG00000106399/ENSG00000174405/ENSG00000140455/ENSG00000102978/ENSG00000138375/ENSG00000113456/ENSG00000111445/ENSG00000054965/ENSG00000141510/ENSG00000141499/ENSG00000124535/ENSG00000004487/ENSG00000140534/ENSG00000121988/ENSG00000112941/ENSG00000181163/ENSG00000145736/ENSG00000198924/ENSG00000198783/ENSG00000178295/ENSG00000115274/ENSG00000103152/ENSG00000093009/ENSG00000137337/ENSG00000084073/ENSG00000170430/ENSG00000140521/ENSG00000107949/ENSG00000048392/ENSG00000168411/ENSG00000152457/ENSG00000189046/ENSG00000132383/ENSG00000115233/ENSG00000163918/ENSG00000062822/ENSG00000175792/ENSG00000198690/ENSG00000110107/ENSG00000183624/ENSG00000154920/ENSG00000111358/ENSG00000089280/ENSG00000154767/ENSG00000087206/ENSG00000113318/ENSG00000148153/ENSG00000163104/ENSG00000097046/ENSG00000132740/ENSG00000149136/ENSG00000134452/ENSG00000101347/ENSG00000164104/ENSG00000143799/ENSG00000136492/ENSG00000136319/ENSG00000064655/ENSG00000117748/ENSG00000020922/ENSG00000114026/ENSG00000130726/ENSG00000172613/ENSG00000189403/ENSG00000070193/ENSG00000122678/ENSG00000132436/ENSG00000183765/ENSG00000129355/ENSG00000160949/ENSG00000169592/ENSG00000077152/ENSG00000100823/ENSG00000134278/ENSG00000178460/ENSG00000178028/ENSG00000178966/ENSG00000085999/ENSG00000198765/ENSG00000101868/ENSG00000183161/ENSG00000116062/ENSG00000138376/ENSG00000158169/ENSG00000174371/ENSG00000092853/ENSG00000149311/ENSG00000172273/ENSG00000140525/ENSG00000163029/ENSG00000083093/ENSG00000156384/ENSG00000160957/ENSG00000101442/ENSG00000140451/ENSG00000125319/ENSG00000204410/ENSG00000163781/ENSG00000136518/ENSG00000068878/ENSG00000124795/ENSG00000188486/ENSG00000177143/ENSG00000181544/ENSG00000011485/ENSG00000160117/ENSG00000051180/ENSG00000196584/ENSG00000214941/ENSG00000160207/ENSG00000112118/ENSG00000175854/ENSG00000197837/ENSG00000143971/ENSG00000095002/ENSG00000111802/ENSG00000076003/ENSG00000185504/ENSG00000147536/ENSG00000100918/ENSG00000166803/ENSG00000133119/ENSG00000109674/ENSG00000105486/ENSG00000170312/ENSG00000100297/ENSG00000198554/ENSG00000109685/ENSG00000132646/ENSG00000163312/ENSG00000111877/ENSG00000197275/ENSG00000167670/ENSG00000171320/ENSG00000112319/ENSG00000276043/ENSG00000104738/ENSG00000143476/ENSG00000078900/ENSG00000073111/ENSG00000013573/ENSG00000111206/ENSG00000076248/ENSG00000183763/ENSG00000185480/ENSG00000146670/ENSG00000101204/ENSG00000146263/ENSG00000204086/ENSG00000159259/ENSG00000100479/ENSG00000104313","FALSE","FALSE","FALSE","FALSE","FALSE","FALSE","FALSE","FALSE"
"GO:0007059","GO:0007059","GO:0007059","chromosome segregation",228,-0.525087481142203,-1.7374090130293,4.51290775713361e-06,0.00177776330575656,0.00159478695176902,2978,"tags=41%, list=24%, signal=32%","ENSG00000116213/ENSG00000105173/ENSG00000212916/ENSG00000131462/ENSG00000187790/ENSG00000047410/ENSG00000162039/ENSG00000169689/ENSG00000213024/ENSG00000175334/ENSG00000086827/ENSG00000176623/ENSG00000112941/ENSG00000153107/ENSG00000152253/ENSG00000110200/ENSG00000178295/ENSG00000164695/ENSG00000177302/ENSG00000058804/ENSG00000089053/ENSG00000154473/ENSG00000154920/ENSG00000163104/ENSG00000143452/ENSG00000136492/ENSG00000072864/ENSG00000020922/ENSG00000053900/ENSG00000237649/ENSG00000179051/ENSG00000178966/ENSG00000100814/ENSG00000143228/ENSG00000198765/ENSG00000138411/ENSG00000120498/ENSG00000124688/ENSG00000149311/ENSG00000077935/ENSG00000163029/ENSG00000249961/ENSG00000167842/ENSG00000040275/ENSG00000083535/ENSG00000066923/ENSG00000129810/ENSG00000161800/ENSG00000128944/ENSG00000166451/ENSG00000100918/ENSG00000136982/ENSG00000175063/ENSG00000149503/ENSG00000075188/ENSG00000114346/ENSG00000163611/ENSG00000159055/ENSG00000010292/ENSG00000013810/ENSG00000128789/ENSG00000089685/ENSG00000164109/ENSG00000090889/ENSG00000171320/ENSG00000118193/ENSG00000109805/ENSG00000137807/ENSG00000136824/ENSG00000112742/ENSG00000138778/ENSG00000121621/ENSG00000117650/ENSG00000178999/ENSG00000177602/ENSG00000198901/ENSG00000102901/ENSG00000166851/ENSG00000117724/ENSG00000121152/ENSG00000148773/ENSG00000146918/ENSG00000013573/ENSG00000131747/ENSG00000126787/ENSG00000146670/ENSG00000080986/ENSG00000134690/ENSG00000134057/ENSG00000172680/ENSG00000112029/ENSG00000155657/ENSG00000168802/ENSG00000123219","FALSE","FALSE","FALSE","FALSE","FALSE","FALSE","FALSE","FALSE"
"GO:0010927","GO:0010927","GO:0010927","cellular component assembly involved in morphogenesis",72,-0.677705161285463,-1.96153305712571,5.15789689914091e-06,0.00177786258742263,0.00159487601486594,1083,"tags=22%, list=9%, signal=20%","ENSG00000100625/ENSG00000105048/ENSG00000172399/ENSG00000129170/ENSG00000133392/ENSG00000100078/ENSG00000155657/ENSG00000173991/ENSG00000170807/ENSG00000239474/ENSG00000197893/ENSG00000143632/ENSG00000122367/ENSG00000143318/ENSG00000177791/ENSG00000166317","FALSE","FALSE","FALSE","FALSE","FALSE","FALSE","FALSE","FALSE"
"GO:0019835","GO:0019835","GO:0019835","cytolysis",14,-0.900147966092761,-1.94149308659131,7.48821773918539e-06,0.00242926593127103,0.00217923364545953,127,"tags=36%, list=1%, signal=35%","ENSG00000176919/ENSG00000113600/ENSG00000106804/ENSG00000021852/ENSG00000157131","FALSE","FALSE","FALSE","FALSE","FALSE","FALSE","FALSE","FALSE"
"GO:0098813","GO:0098813","GO:0098813","nuclear chromosome segregation",183,-0.548393770006135,-1.76756213405999,9.16043601630362e-06,0.00280665581277303,0.00251778065945187,3065,"tags=46%, list=25%, signal=35%","ENSG00000205629/ENSG00000141255/ENSG00000116213/ENSG00000105173/ENSG00000212916/ENSG00000131462/ENSG00000187790/ENSG00000047410/ENSG00000162039/ENSG00000169689/ENSG00000213024/ENSG00000086827/ENSG00000176623/ENSG00000112941/ENSG00000153107/ENSG00000110200/ENSG00000178295/ENSG00000164695/ENSG00000058804/ENSG00000089053/ENSG00000154473/ENSG00000154920/ENSG00000143452/ENSG00000136492/ENSG00000020922/ENSG00000053900/ENSG00000237649/ENSG00000179051/ENSG00000178966/ENSG00000100814/ENSG00000143228/ENSG00000198765/ENSG00000138411/ENSG00000120498/ENSG00000124688/ENSG00000149311/ENSG00000077935/ENSG00000249961/ENSG00000167842/ENSG00000040275/ENSG00000083535/ENSG00000066923/ENSG00000129810/ENSG00000161800/ENSG00000128944/ENSG00000100918/ENSG00000136982/ENSG00000175063/ENSG00000149503/ENSG00000114346/ENSG00000163611/ENSG00000010292/ENSG00000013810/ENSG00000128789/ENSG00000164109/ENSG00000090889/ENSG00000171320/ENSG00000118193/ENSG00000109805/ENSG00000137807/ENSG00000136824/ENSG00000112742/ENSG00000138778/ENSG00000121621/ENSG00000117650/ENSG00000178999/ENSG00000177602/ENSG00000198901/ENSG00000166851/ENSG00000117724/ENSG00000121152/ENSG00000146918/ENSG00000013573/ENSG00000131747/ENSG00000126787/ENSG00000146670/ENSG00000080986/ENSG00000134690/ENSG00000134057/ENSG00000172680/ENSG00000112029/ENSG00000155657/ENSG00000168802/ENSG00000123219","FALSE","FALSE","FALSE","FALSE","FALSE","FALSE","FALSE","FALSE"
"GO:0034390","GO:0034390","GO:0034390","smooth muscle cell apoptotic process",20,-0.850121292277674,-1.97958278480196,1.15020235209675e-05,0.00317168298590679,0.00284523739729196,306,"tags=25%, list=2%, signal=24%","ENSG00000111537/ENSG00000168811/ENSG00000113302/ENSG00000017427/ENSG00000091583","FALSE","FALSE","FALSE","FALSE","FALSE","FALSE","FALSE","FALSE"
"GO:0034391","GO:0034391","GO:0034391","regulation of smooth muscle cell apoptotic process",20,-0.850121292277674,-1.97958278480196,1.15020235209675e-05,0.00317168298590679,0.00284523739729196,306,"tags=25%, list=2%, signal=24%","ENSG00000111537/ENSG00000168811/ENSG00000113302/ENSG00000017427/ENSG00000091583","FALSE","FALSE","FALSE","FALSE","FALSE","FALSE","FALSE","FALSE"
"GO:1900047","GO:1900047","GO:1900047","negative regulation of hemostasis",29,-0.791135138561015,-1.96461053525384,1.31726764263824e-05,0.00330353271903464,0.00296351649176176,450,"tags=38%, list=4%, signal=37%","ENSG00000184500/ENSG00000167711/ENSG00000115718/ENSG00000140873/ENSG00000113889/ENSG00000122861/ENSG00000080618/ENSG00000149131/ENSG00000091583/ENSG00000171564/ENSG00000171557","FALSE","FALSE","FALSE","FALSE","FALSE","FALSE","FALSE","FALSE"
"GO:0000280","GO:0000280","GO:0000280","nuclear division",293,-0.496836518315206,-1.67582926678007,1.31781903569831e-05,0.00330353271903464,0.00296351649176176,2978,"tags=45%, list=24%, signal=35%","ENSG00000116213/ENSG00000105173/ENSG00000068796/ENSG00000212916/ENSG00000131462/ENSG00000187790/ENSG00000047410/ENSG00000162039/ENSG00000133101/ENSG00000156256/ENSG00000169689/ENSG00000213024/ENSG00000167657/ENSG00000113456/ENSG00000175334/ENSG00000086827/ENSG00000176623/ENSG00000101350/ENSG00000288000/ENSG00000112941/ENSG00000124205/ENSG00000172113/ENSG00000185627/ENSG00000153107/ENSG00000110200/ENSG00000114251/ENSG00000178295/ENSG00000164695/ENSG00000058804/ENSG00000074054/ENSG00000181773/ENSG00000107949/ENSG00000089053/ENSG00000154473/ENSG00000175826/ENSG00000154229/ENSG00000154920/ENSG00000113318/ENSG00000088833/ENSG00000173809/ENSG00000104983/ENSG00000143452/ENSG00000136492/ENSG00000072864/ENSG00000020922/ENSG00000053900/ENSG00000237649/ENSG00000100462/ENSG00000132436/ENSG00000183765/ENSG00000108106/ENSG00000168556/ENSG00000134278/ENSG00000178966/ENSG00000085999/ENSG00000100814/ENSG00000143228/ENSG00000198765/ENSG00000138411/ENSG00000120498/ENSG00000124688/ENSG00000149311/ENSG00000077935/ENSG00000249961/ENSG00000204410/ENSG00000167842/ENSG00000040275/ENSG00000188425/ENSG00000083535/ENSG00000179218/ENSG00000113575/ENSG00000138798/ENSG00000051180/ENSG00000066923/ENSG00000129810/ENSG00000160207/ENSG00000161800/ENSG00000137090/ENSG00000152670/ENSG00000173715/ENSG00000128944/ENSG00000167244/ENSG00000100918/ENSG00000136982/ENSG00000175063/ENSG00000136122/ENSG00000149503/ENSG00000138182/ENSG00000170312/ENSG00000163611/ENSG00000010292/ENSG00000087586/ENSG00000103056/ENSG00000013810/ENSG00000128789/ENSG00000197275/ENSG00000164109/ENSG00000090889/ENSG00000118193/ENSG00000109805/ENSG00000137807/ENSG00000136824/ENSG00000112742/ENSG00000157456/ENSG00000138778/ENSG00000121621/ENSG00000117650/ENSG00000178999/ENSG00000088325/ENSG00000177602/ENSG00000198901/ENSG00000166851/ENSG00000117724/ENSG00000121152/ENSG00000148773/ENSG00000146918/ENSG00000101057/ENSG00000131747/ENSG00000126787/ENSG00000146670/ENSG00000080986/ENSG00000134690/ENSG00000134057/ENSG00000172680/ENSG00000112029/ENSG00000011426/ENSG00000155657/ENSG00000156509/ENSG00000168802/ENSG00000123219/ENSG00000107831/ENSG00000017427","FALSE","FALSE","FALSE","FALSE","FALSE","FALSE","FALSE","FALSE"
"GO:0065004","GO:0065004","GO:0065004","protein-DNA complex assembly",137,-0.580903500153564,-1.82350079670256,1.52952648261483e-05,0.00353350403266002,0.0031698179994278,2984,"tags=47%, list=24%, signal=36%","ENSG00000132475/ENSG00000166508/ENSG00000063978/ENSG00000118900/ENSG00000115750/ENSG00000161057/ENSG00000169689/ENSG00000119335/ENSG00000106399/ENSG00000120334/ENSG00000141510/ENSG00000181163/ENSG00000145736/ENSG00000151725/ENSG00000093009/ENSG00000132383/ENSG00000105011/ENSG00000175792/ENSG00000135336/ENSG00000111358/ENSG00000154767/ENSG00000189060/ENSG00000112312/ENSG00000100519/ENSG00000164104/ENSG00000132780/ENSG00000143799/ENSG00000117748/ENSG00000087191/ENSG00000189403/ENSG00000117505/ENSG00000099284/ENSG00000187475/ENSG00000162521/ENSG00000075856/ENSG00000178460/ENSG00000127616/ENSG00000013275/ENSG00000102384/ENSG00000167842/ENSG00000188486/ENSG00000051180/ENSG00000188312/ENSG00000112118/ENSG00000129534/ENSG00000197837/ENSG00000196497/ENSG00000119969/ENSG00000166451/ENSG00000076003/ENSG00000100297/ENSG00000159055/ENSG00000101812/ENSG00000100162/ENSG00000167670/ENSG00000183598/ENSG00000138778/ENSG00000102901/ENSG00000104738/ENSG00000117724/ENSG00000073111/ENSG00000126787/ENSG00000135547/ENSG00000159259/ENSG00000123219","FALSE","FALSE","FALSE","FALSE","FALSE","FALSE","FALSE","FALSE"
"GO:0050818","GO:0050818","GO:0050818","regulation of coagulation",46,-0.722831596223564,-1.94494036794135,1.83816657532611e-05,0.0040549954651694,0.00363763490696114,450,"tags=28%, list=4%, signal=27%","ENSG00000184500/ENSG00000167711/ENSG00000115718/ENSG00000140873/ENSG00000113889/ENSG00000122861/ENSG00000057593/ENSG00000080618/ENSG00000149131/ENSG00000091583/ENSG00000117601/ENSG00000171564/ENSG00000171557","FALSE","FALSE","FALSE","FALSE","FALSE","FALSE","FALSE","FALSE"
"GO:0000819","GO:0000819","GO:0000819","sister chromatid segregation",145,-0.570887329376128,-1.79991894791732,1.98474380677324e-05,0.00416227983207362,0.00373387702643432,1590,"tags=34%, list=13%, signal=30%","ENSG00000143228/ENSG00000138411/ENSG00000124688/ENSG00000149311/ENSG00000077935/ENSG00000167842/ENSG00000040275/ENSG00000083535/ENSG00000066923/ENSG00000129810/ENSG00000161800/ENSG00000128944/ENSG00000100918/ENSG00000136982/ENSG00000175063/ENSG00000149503/ENSG00000010292/ENSG00000013810/ENSG00000128789/ENSG00000164109/ENSG00000090889/ENSG00000171320/ENSG00000118193/ENSG00000109805/ENSG00000137807/ENSG00000136824/ENSG00000112742/ENSG00000138778/ENSG00000121621/ENSG00000117650/ENSG00000178999/ENSG00000177602/ENSG00000198901/ENSG00000166851/ENSG00000117724/ENSG00000121152/ENSG00000146918/ENSG00000013573/ENSG00000131747/ENSG00000126787/ENSG00000146670/ENSG00000080986/ENSG00000134690/ENSG00000134057/ENSG00000172680/ENSG00000112029/ENSG00000155657/ENSG00000168802/ENSG00000123219","FALSE","FALSE","FALSE","FALSE","FALSE","FALSE","FALSE","FALSE"
"GO:0030195","GO:0030195","GO:0030195","negative regulation of blood coagulation",28,-0.800504027095864,-1.97497188125923,2.14867911137237e-05,0.00416227983207362,0.00373387702643432,450,"tags=39%, list=4%, signal=38%","ENSG00000184500/ENSG00000167711/ENSG00000115718/ENSG00000140873/ENSG00000113889/ENSG00000122861/ENSG00000080618/ENSG00000149131/ENSG00000091583/ENSG00000171564/ENSG00000171557","FALSE","FALSE","FALSE","FALSE","FALSE","FALSE","FALSE","FALSE"
"GO:0000070","GO:0000070","GO:0000070","mitotic sister chromatid segregation",118,-0.59773982576516,-1.84477748590017,2.18868749102693e-05,0.00416227983207362,0.00373387702643432,1590,"tags=37%, list=13%, signal=33%","ENSG00000143228/ENSG00000138411/ENSG00000124688/ENSG00000149311/ENSG00000077935/ENSG00000167842/ENSG00000040275/ENSG00000083535/ENSG00000129810/ENSG00000161800/ENSG00000128944/ENSG00000100918/ENSG00000136982/ENSG00000175063/ENSG00000149503/ENSG00000010292/ENSG00000013810/ENSG00000128789/ENSG00000164109/ENSG00000090889/ENSG00000118193/ENSG00000109805/ENSG00000137807/ENSG00000136824/ENSG00000112742/ENSG00000138778/ENSG00000121621/ENSG00000117650/ENSG00000178999/ENSG00000177602/ENSG00000198901/ENSG00000166851/ENSG00000117724/ENSG00000121152/ENSG00000146918/ENSG00000126787/ENSG00000146670/ENSG00000080986/ENSG00000134690/ENSG00000134057/ENSG00000112029/ENSG00000155657/ENSG00000168802/ENSG00000123219","FALSE","FALSE","FALSE","FALSE","FALSE","FALSE","FALSE","FALSE"
"GO:0006614","GO:0006614","GO:0006614","SRP-dependent cotranslational protein targeting to membrane",77,0.574731563757161,1.97173191221183,2.3632205533838e-05,0.00420424559739086,0.00377152346380437,3566,"tags=75%, list=29%, signal=54%","ENSG00000186468/ENSG00000233927/ENSG00000158552/ENSG00000162244/ENSG00000182899/ENSG00000197756/ENSG00000125691/ENSG00000171858/ENSG00000231500/ENSG00000164587/ENSG00000063177/ENSG00000156482/ENSG00000142534/ENSG00000145592/ENSG00000134419/ENSG00000148303/ENSG00000108107/ENSG00000174748/ENSG00000137154/ENSG00000112306/ENSG00000083845/ENSG00000109475/ENSG00000161016/ENSG00000166441/ENSG00000136942/ENSG00000105640/ENSG00000142937/ENSG00000145425/ENSG00000149273/ENSG00000114391/ENSG00000163682/ENSG00000147604/ENSG00000008988/ENSG00000110700/ENSG00000221983/ENSG00000142541/ENSG00000131469/ENSG00000188846/ENSG00000198918/ENSG00000198242/ENSG00000171863/ENSG00000198755/ENSG00000118181/ENSG00000182774/ENSG00000172809/ENSG00000170889/ENSG00000174444/ENSG00000130255/ENSG00000197958/ENSG00000142676/ENSG00000105193/ENSG00000167526/ENSG00000105372/ENSG00000122026/ENSG00000089157/ENSG00000108298/ENSG00000137818/ENSG00000168028","FALSE","FALSE","FALSE","FALSE","FALSE","FALSE","FALSE","FALSE"
"GO:0006941","GO:0006941","GO:0006941","striated muscle contraction",129,-0.575140198504804,-1.79060382723766,3.26569488785966e-05,0.00562822103329563,0.00504893617530934,1231,"tags=25%, list=10%, signal=23%","ENSG00000114279/ENSG00000130529/ENSG00000198336/ENSG00000108961/ENSG00000159167/ENSG00000198125/ENSG00000105048/ENSG00000177098/ENSG00000130598/ENSG00000129170/ENSG00000136574/ENSG00000158286/ENSG00000155657/ENSG00000100678/ENSG00000283927/ENSG00000149925/ENSG00000105711/ENSG00000173991/ENSG00000185482/ENSG00000138622/ENSG00000170175/ENSG00000123700/ENSG00000133055/ENSG00000120457/ENSG00000239474/ENSG00000018625/ENSG00000092054/ENSG00000101470/ENSG00000248746/ENSG00000143318/ENSG00000164708/ENSG00000168530","FALSE","FALSE","FALSE","FALSE","FALSE","FALSE","FALSE","FALSE"
"GO:0007517","GO:0007517","GO:0007517","muscle organ development",247,-0.501124976368534,-1.66790194319501,3.61968707944601e-05,0.00604926492216507,0.00542664410634649,1083,"tags=18%, list=9%, signal=17%","ENSG00000100625/ENSG00000138136/ENSG00000162729/ENSG00000167612/ENSG00000127124/ENSG00000167244/ENSG00000172399/ENSG00000129170/ENSG00000101605/ENSG00000186895/ENSG00000120738/ENSG00000154342/ENSG00000132429/ENSG00000117724/ENSG00000135547/ENSG00000128710/ENSG00000060718/ENSG00000105989/ENSG00000155657/ENSG00000100628/ENSG00000184058/ENSG00000107831/ENSG00000128709/ENSG00000173991/ENSG00000135903/ENSG00000170989/ENSG00000036448/ENSG00000126778/ENSG00000185482/ENSG00000102554/ENSG00000187616/ENSG00000142700/ENSG00000152192/ENSG00000133937/ENSG00000239474/ENSG00000122180/ENSG00000092054/ENSG00000017427/ENSG00000248746/ENSG00000143632/ENSG00000111049/ENSG00000180209/ENSG00000143318/ENSG00000177791/ENSG00000170681","FALSE","FALSE","FALSE","FALSE","FALSE","FALSE","FALSE","FALSE"
"GO:0014706","GO:0014706","GO:0014706","striated muscle tissue development",278,-0.490310313828143,-1.64060391989336,3.80433428534694e-05,0.00617085399520247,0.00553571861954509,1083,"tags=18%, list=9%, signal=17%","ENSG00000100625/ENSG00000162729/ENSG00000167612/ENSG00000127124/ENSG00000167244/ENSG00000172399/ENSG00000129170/ENSG00000133392/ENSG00000061492/ENSG00000101605/ENSG00000112837/ENSG00000186895/ENSG00000120738/ENSG00000154342/ENSG00000136574/ENSG00000132429/ENSG00000117724/ENSG00000077092/ENSG00000078900/ENSG00000135547/ENSG00000134057/ENSG00000128710/ENSG00000060718/ENSG00000105989/ENSG00000155657/ENSG00000100628/ENSG00000184058/ENSG00000107831/ENSG00000128709/ENSG00000173991/ENSG00000170989/ENSG00000036448/ENSG00000126778/ENSG00000185482/ENSG00000102554/ENSG00000078579/ENSG00000142700/ENSG00000152192/ENSG00000133454/ENSG00000239474/ENSG00000122180/ENSG00000092054/ENSG00000197893/ENSG00000017427/ENSG00000248746/ENSG00000143632/ENSG00000111049/ENSG00000180209/ENSG00000143318/ENSG00000198796/ENSG00000177791","FALSE","FALSE","FALSE","FALSE","FALSE","FALSE","FALSE","FALSE"
"GO:0061045","GO:0061045","GO:0061045","negative regulation of wound healing",47,-0.702355067184813,-1.90258628324451,4.46818084991233e-05,0.00657051523742588,0.00589424471363299,450,"tags=26%, list=4%, signal=25%","ENSG00000184500/ENSG00000167711/ENSG00000115718/ENSG00000140873/ENSG00000113889/ENSG00000122861/ENSG00000080618/ENSG00000149131/ENSG00000091583/ENSG00000171564/ENSG00000171557/ENSG00000177791","FALSE","FALSE","FALSE","FALSE","FALSE","FALSE","FALSE","FALSE"
"GO:0006695","GO:0006695","GO:0006695","cholesterol biosynthetic process",60,-0.670468033179696,-1.89531968082484,4.56246733481387e-05,0.00657051523742588,0.00589424471363299,2308,"tags=55%, list=19%, signal=45%","ENSG00000163344/ENSG00000205808/ENSG00000143815/ENSG00000132196/ENSG00000015520/ENSG00000113161/ENSG00000278540/ENSG00000130203/ENSG00000111684/ENSG00000172893/ENSG00000198911/ENSG00000148377/ENSG00000001626/ENSG00000109929/ENSG00000167910/ENSG00000079459/ENSG00000149809/ENSG00000147155/ENSG00000167508/ENSG00000052802/ENSG00000099194/ENSG00000147383/ENSG00000118137/ENSG00000112972/ENSG00000160285/ENSG00000160752/ENSG00000110921/ENSG00000116133/ENSG00000001630/ENSG00000100003/ENSG00000104549/ENSG00000169710/ENSG00000084674","FALSE","FALSE","FALSE","FALSE","FALSE","FALSE","FALSE","FALSE"
"GO:1902653","GO:1902653","GO:1902653","secondary alcohol biosynthetic process",60,-0.670468033179696,-1.89531968082484,4.56246733481387e-05,0.00657051523742588,0.00589424471363299,2308,"tags=55%, list=19%, signal=45%","ENSG00000163344/ENSG00000205808/ENSG00000143815/ENSG00000132196/ENSG00000015520/ENSG00000113161/ENSG00000278540/ENSG00000130203/ENSG00000111684/ENSG00000172893/ENSG00000198911/ENSG00000148377/ENSG00000001626/ENSG00000109929/ENSG00000167910/ENSG00000079459/ENSG00000149809/ENSG00000147155/ENSG00000167508/ENSG00000052802/ENSG00000099194/ENSG00000147383/ENSG00000118137/ENSG00000112972/ENSG00000160285/ENSG00000160752/ENSG00000110921/ENSG00000116133/ENSG00000001630/ENSG00000100003/ENSG00000104549/ENSG00000169710/ENSG00000084674","FALSE","FALSE","FALSE","FALSE","FALSE","FALSE","FALSE","FALSE"
"GO:0060271","GO:0060271","GO:0060271","cilium assembly",281,-0.483374271404834,-1.62023584044936,4.64642056681069e-05,0.00657051523742588,0.00589424471363299,3258,"tags=49%, list=27%, signal=37%","ENSG00000119636/ENSG00000163093/ENSG00000122507/ENSG00000119333/ENSG00000166596/ENSG00000183638/ENSG00000145979/ENSG00000168234/ENSG00000112144/ENSG00000135931/ENSG00000164066/ENSG00000180376/ENSG00000005249/ENSG00000138002/ENSG00000214413/ENSG00000116213/ENSG00000105479/ENSG00000131462/ENSG00000162643/ENSG00000154099/ENSG00000169379/ENSG00000170027/ENSG00000094631/ENSG00000101350/ENSG00000113621/ENSG00000130638/ENSG00000107140/ENSG00000131437/ENSG00000175970/ENSG00000181378/ENSG00000135407/ENSG00000272514/ENSG00000074054/ENSG00000118690/ENSG00000138175/ENSG00000187726/ENSG00000284862/ENSG00000160226/ENSG00000213397/ENSG00000120370/ENSG00000144061/ENSG00000105948/ENSG00000148019/ENSG00000075945/ENSG00000048342/ENSG00000147874/ENSG00000039139/ENSG00000119661/ENSG00000204104/ENSG00000165506/ENSG00000168385/ENSG00000138686/ENSG00000137601/ENSG00000100578/ENSG00000126870/ENSG00000173226/ENSG00000119650/ENSG00000156042/ENSG00000122735/ENSG00000188229/ENSG00000117155/ENSG00000135541/ENSG00000136811/ENSG00000187049/ENSG00000151849/ENSG00000164675/ENSG00000118965/ENSG00000188343/ENSG00000072864/ENSG00000163913/ENSG00000024422/ENSG00000141519/ENSG00000141577/ENSG00000165115/ENSG00000084731/ENSG00000078668/ENSG00000137821/ENSG00000138036/ENSG00000110318/ENSG00000079974/ENSG00000196230/ENSG00000155761/ENSG00000086300/ENSG00000125863/ENSG00000112981/ENSG00000197603/ENSG00000256061/ENSG00000158079/ENSG00000152669/ENSG00000138286/ENSG00000135315/ENSG00000032742/ENSG00000161996/ENSG00000198331/ENSG00000080572/ENSG00000177042/ENSG00000131351/ENSG00000083535/ENSG00000134874/ENSG00000140463/ENSG00000244607/ENSG00000011143/ENSG00000141013/ENSG00000128581/ENSG00000122417/ENSG00000108641/ENSG00000214367/ENSG00000114446/ENSG00000159079/ENSG00000142609/ENSG00000160188/ENSG00000113966/ENSG00000155755/ENSG00000139323/ENSG00000103995/ENSG00000165533/ENSG00000103494/ENSG00000170312/ENSG00000117245/ENSG00000167858/ENSG00000172426/ENSG00000117650/ENSG00000166851/ENSG00000138587/ENSG00000100078/ENSG00000142731/ENSG00000152240/ENSG00000152763/ENSG00000125409/ENSG00000214513/ENSG00000149483/ENSG00000100490/ENSG00000170264/ENSG00000264364/ENSG00000119547/ENSG00000169856/ENSG00000172425","FALSE","FALSE","FALSE","FALSE","FALSE","FALSE","FALSE","FALSE"
"GO:0007252","GO:0007252","GO:0007252","I-kappaB phosphorylation",13,0.870117256171141,2.09926209608238,5.61291775113486e-05,0.00737029557083542,0.00661170762665009,10,"tags=15%, list=0%, signal=15%","ENSG00000196664/ENSG00000207864","FALSE","FALSE","FALSE","FALSE","FALSE","FALSE","FALSE","FALSE"
"GO:0061061","GO:0061061","GO:0061061","muscle structure development",457,-0.441092947474304,-1.52514610016201,5.83075329725184e-05,0.00747828010101021,0.00670857784506332,1083,"tags=14%, list=9%, signal=13%","ENSG00000100625/ENSG00000138136/ENSG00000162729/ENSG00000105048/ENSG00000167612/ENSG00000127124/ENSG00000167244/ENSG00000172399/ENSG00000129170/ENSG00000133392/ENSG00000061492/ENSG00000101605/ENSG00000112837/ENSG00000186895/ENSG00000120738/ENSG00000154342/ENSG00000136574/ENSG00000132429/ENSG00000117724/ENSG00000077092/ENSG00000135547/ENSG00000134057/ENSG00000128710/ENSG00000060718/ENSG00000105989/ENSG00000155657/ENSG00000100628/ENSG00000184058/ENSG00000283927/ENSG00000164850/ENSG00000107831/ENSG00000128709/ENSG00000125084/ENSG00000173991/ENSG00000135903/ENSG00000170989/ENSG00000036448/ENSG00000126778/ENSG00000185482/ENSG00000102554/ENSG00000170175/ENSG00000187616/ENSG00000142700/ENSG00000170807/ENSG00000152192/ENSG00000133454/ENSG00000133937/ENSG00000239474/ENSG00000122180/ENSG00000092054/ENSG00000197893/ENSG00000017427/ENSG00000248746/ENSG00000143632/ENSG00000111049/ENSG00000122367/ENSG00000164458/ENSG00000180209/ENSG00000143318/ENSG00000198796/ENSG00000177791/ENSG00000170681/ENSG00000166317","FALSE","FALSE","FALSE","FALSE","FALSE","FALSE","FALSE","FALSE"
"GO:0071824","GO:0071824","GO:0071824","protein-DNA complex subunit organization",162,-0.539669022042422,-1.7230719062601,5.96769908870656e-05,0.0074799682895947,0.00671009227677532,2984,"tags=42%, list=24%, signal=32%","ENSG00000132475/ENSG00000166508/ENSG00000063978/ENSG00000118900/ENSG00000115750/ENSG00000161057/ENSG00000169689/ENSG00000119335/ENSG00000106399/ENSG00000120334/ENSG00000141510/ENSG00000181163/ENSG00000145736/ENSG00000151725/ENSG00000093009/ENSG00000066117/ENSG00000132383/ENSG00000105011/ENSG00000175792/ENSG00000135336/ENSG00000111358/ENSG00000154767/ENSG00000189060/ENSG00000112312/ENSG00000100519/ENSG00000164104/ENSG00000132780/ENSG00000143799/ENSG00000117748/ENSG00000087191/ENSG00000189403/ENSG00000117505/ENSG00000099284/ENSG00000187475/ENSG00000162521/ENSG00000075856/ENSG00000178460/ENSG00000127616/ENSG00000178028/ENSG00000013275/ENSG00000102384/ENSG00000167842/ENSG00000068878/ENSG00000188486/ENSG00000051180/ENSG00000188312/ENSG00000112118/ENSG00000129534/ENSG00000197837/ENSG00000196497/ENSG00000119969/ENSG00000166451/ENSG00000076003/ENSG00000100297/ENSG00000159055/ENSG00000101812/ENSG00000100162/ENSG00000167670/ENSG00000183598/ENSG00000138778/ENSG00000102901/ENSG00000104738/ENSG00000117724/ENSG00000073111/ENSG00000126787/ENSG00000135547/ENSG00000159259/ENSG00000123219","FALSE","FALSE","FALSE","FALSE","FALSE","FALSE","FALSE","FALSE"
"GO:0098743","GO:0098743","GO:0098743","cell aggregation",19,-0.831123693889715,-1.9184507063651,8.51628226954581e-05,0.00986523194439968,0.00884985258170129,721,"tags=42%, list=6%, signal=40%","ENSG00000111241/ENSG00000164853/ENSG00000075388/ENSG00000060718/ENSG00000139219/ENSG00000111049/ENSG00000158887/ENSG00000012223","FALSE","FALSE","FALSE","FALSE","FALSE","FALSE","FALSE","FALSE"
"GO:0070252","GO:0070252","GO:0070252","actin-mediated cell contraction",83,-0.613369890196129,-1.81613704896464,8.5588904611669e-05,0.00986523194439968,0.00884985258170129,1231,"tags=30%, list=10%, signal=27%","ENSG00000114279/ENSG00000130529/ENSG00000198336/ENSG00000108961/ENSG00000159167/ENSG00000086967/ENSG00000105048/ENSG00000177098/ENSG00000130598/ENSG00000136574/ENSG00000158286/ENSG00000155657/ENSG00000175084/ENSG00000283927/ENSG00000105711/ENSG00000173991/ENSG00000138622/ENSG00000123700/ENSG00000120457/ENSG00000018625/ENSG00000092054/ENSG00000101470/ENSG00000248746/ENSG00000143632/ENSG00000168530","FALSE","FALSE","FALSE","FALSE","FALSE","FALSE","FALSE","FALSE"
"GO:0050879","GO:0050879","GO:0050879","multicellular organismal movement",43,-0.703919423169775,-1.87967623963364,8.76511995059989e-05,0.00986523194439968,0.00884985258170129,1095,"tags=28%, list=9%, signal=26%","ENSG00000198125/ENSG00000105048/ENSG00000130598/ENSG00000100678/ENSG00000173991/ENSG00000185482/ENSG00000170175/ENSG00000123700/ENSG00000092054/ENSG00000101470/ENSG00000248746/ENSG00000143318","FALSE","FALSE","FALSE","FALSE","FALSE","FALSE","FALSE","FALSE"
"GO:0050881","GO:0050881","GO:0050881","musculoskeletal movement",43,-0.703919423169775,-1.87967623963364,8.76511995059989e-05,0.00986523194439968,0.00884985258170129,1095,"tags=28%, list=9%, signal=26%","ENSG00000198125/ENSG00000105048/ENSG00000130598/ENSG00000100678/ENSG00000173991/ENSG00000185482/ENSG00000170175/ENSG00000123700/ENSG00000092054/ENSG00000101470/ENSG00000248746/ENSG00000143318","FALSE","FALSE","FALSE","FALSE","FALSE","FALSE","FALSE","FALSE"
"GO:0030049","GO:0030049","GO:0030049","muscle filament sliding",25,-0.794140643667306,-1.93009203720991,9.32745285216855e-05,0.0100864514666097,0.00904830307640706,1158,"tags=48%, list=9%, signal=44%","ENSG00000198336/ENSG00000086967/ENSG00000105048/ENSG00000130598/ENSG00000155657/ENSG00000175084/ENSG00000173991/ENSG00000092054/ENSG00000101470/ENSG00000248746/ENSG00000143632/ENSG00000168530","FALSE","FALSE","FALSE","FALSE","FALSE","FALSE","FALSE","FALSE"
"GO:0061041","GO:0061041","GO:0061041","regulation of wound healing",89,-0.608105678939777,-1.80230889137486,9.70174430770564e-05,0.0102894461263455,0.00923040450328269,450,"tags=17%, list=4%, signal=16%","ENSG00000184500/ENSG00000167711/ENSG00000189143/ENSG00000115718/ENSG00000140873/ENSG00000113889/ENSG00000122861/ENSG00000057593/ENSG00000080618/ENSG00000149131/ENSG00000091583/ENSG00000117601/ENSG00000171564/ENSG00000171557/ENSG00000177791","FALSE","FALSE","FALSE","FALSE","FALSE","FALSE","FALSE","FALSE"
"GO:0051346","GO:0051346","GO:0051346","negative regulation of hydrolase activity",270,-0.480008810851031,-1.6034216886439,0.000100249611870034,0.0104316341408158,0.00935795781110545,666,"tags=11%, list=5%, signal=11%","ENSG00000148204/ENSG00000131771/ENSG00000118137/ENSG00000073111/ENSG00000135744/ENSG00000116133/ENSG00000157150/ENSG00000140093/ENSG00000141433/ENSG00000184500/ENSG00000167711/ENSG00000132855/ENSG00000113889/ENSG00000114270/ENSG00000225968/ENSG00000151655/ENSG00000182676/ENSG00000149131/ENSG00000090512/ENSG00000099937/ENSG00000125730/ENSG00000100665/ENSG00000106804/ENSG00000166535/ENSG00000162267/ENSG00000106927/ENSG00000117601/ENSG00000145192/ENSG00000012223/ENSG00000177791","FALSE","FALSE","FALSE","FALSE","FALSE","FALSE","FALSE","FALSE"
"GO:0044782","GO:0044782","GO:0044782","cilium organization",290,-0.476100801158139,-1.60580792190432,0.000114126703227526,0.011239442291068,0.0100826222776198,3258,"tags=48%, list=27%, signal=36%","ENSG00000119636/ENSG00000163093/ENSG00000122507/ENSG00000119333/ENSG00000166596/ENSG00000183638/ENSG00000145979/ENSG00000168234/ENSG00000112144/ENSG00000135931/ENSG00000164066/ENSG00000180376/ENSG00000005249/ENSG00000138002/ENSG00000214413/ENSG00000116213/ENSG00000105479/ENSG00000131462/ENSG00000162643/ENSG00000154099/ENSG00000169379/ENSG00000170027/ENSG00000094631/ENSG00000101350/ENSG00000113621/ENSG00000130638/ENSG00000107140/ENSG00000131437/ENSG00000175970/ENSG00000181378/ENSG00000135407/ENSG00000272514/ENSG00000074054/ENSG00000118690/ENSG00000138175/ENSG00000187726/ENSG00000284862/ENSG00000160226/ENSG00000213397/ENSG00000120370/ENSG00000144061/ENSG00000105948/ENSG00000148019/ENSG00000075945/ENSG00000048342/ENSG00000147874/ENSG00000039139/ENSG00000119661/ENSG00000204104/ENSG00000165506/ENSG00000168385/ENSG00000138686/ENSG00000137601/ENSG00000100578/ENSG00000126870/ENSG00000173226/ENSG00000119650/ENSG00000156042/ENSG00000122735/ENSG00000188229/ENSG00000117155/ENSG00000135541/ENSG00000136811/ENSG00000187049/ENSG00000151849/ENSG00000164675/ENSG00000118965/ENSG00000188343/ENSG00000072864/ENSG00000163913/ENSG00000158428/ENSG00000024422/ENSG00000141519/ENSG00000141577/ENSG00000165115/ENSG00000084731/ENSG00000078668/ENSG00000137821/ENSG00000138036/ENSG00000110318/ENSG00000079974/ENSG00000196230/ENSG00000155761/ENSG00000086300/ENSG00000125863/ENSG00000112981/ENSG00000197603/ENSG00000256061/ENSG00000158079/ENSG00000152669/ENSG00000138286/ENSG00000135315/ENSG00000032742/ENSG00000161996/ENSG00000198331/ENSG00000080572/ENSG00000177042/ENSG00000176225/ENSG00000131351/ENSG00000083535/ENSG00000134874/ENSG00000140463/ENSG00000244607/ENSG00000011143/ENSG00000141013/ENSG00000128581/ENSG00000122417/ENSG00000108641/ENSG00000214367/ENSG00000114446/ENSG00000159079/ENSG00000142609/ENSG00000160188/ENSG00000113966/ENSG00000155755/ENSG00000139323/ENSG00000103995/ENSG00000165533/ENSG00000103494/ENSG00000170312/ENSG00000117245/ENSG00000167858/ENSG00000172426/ENSG00000117650/ENSG00000166851/ENSG00000138587/ENSG00000100078/ENSG00000142731/ENSG00000152240/ENSG00000152763/ENSG00000125409/ENSG00000214513/ENSG00000149483/ENSG00000100490/ENSG00000170264/ENSG00000264364/ENSG00000119547/ENSG00000169856/ENSG00000172425","FALSE","FALSE","FALSE","FALSE","FALSE","FALSE","FALSE","FALSE"
"GO:0098742","GO:0098742","GO:0098742","cell-cell adhesion via plasma-membrane adhesion molecules",152,-0.530204644907995,-1.67729750705403,0.000135041306274161,0.0128405655879655,0.0115189498999738,1380,"tags=24%, list=11%, signal=22%","ENSG00000165194/ENSG00000145934/ENSG00000136099/ENSG00000109943/ENSG00000158258/ENSG00000134873/ENSG00000170017/ENSG00000171217/ENSG00000152583/ENSG00000146555/ENSG00000218336/ENSG00000163347/ENSG00000144619/ENSG00000086570/ENSG00000148204/ENSG00000118137/ENSG00000009694/ENSG00000169760/ENSG00000156642/ENSG00000177103/ENSG00000169306/ENSG00000145526/ENSG00000117154/ENSG00000148948/ENSG00000189143/ENSG00000132821/ENSG00000121871/ENSG00000110400/ENSG00000099889/ENSG00000105695/ENSG00000139211/ENSG00000148600/ENSG00000156284/ENSG00000106404/ENSG00000040731/ENSG00000158887/ENSG00000165376","FALSE","FALSE","FALSE","FALSE","FALSE","FALSE","FALSE","FALSE"
"GO:0030449","GO:0030449","GO:0030449","regulation of complement activation",23,-0.793418604554365,-1.89912485400321,0.000147612100570378,0.0135680122440939,0.0121715240821189,450,"tags=39%, list=4%, signal=38%","ENSG00000184500/ENSG00000080618/ENSG00000176919/ENSG00000149131/ENSG00000113600/ENSG00000125730/ENSG00000106804/ENSG00000021852/ENSG00000157131","TRUE","TRUE","FALSE","FALSE","FALSE","FALSE","FALSE","FALSE"
"GO:0052548","GO:0052548","GO:0052548","regulation of endopeptidase activity",237,-0.486581549860211,-1.61435341041209,0.000207579491209531,0.0179450884897829,0.0160980895933539,862,"tags=14%, list=7%, signal=13%","ENSG00000101439/ENSG00000071994/ENSG00000176884/ENSG00000154342/ENSG00000148204/ENSG00000112499/ENSG00000147488/ENSG00000135744/ENSG00000186868/ENSG00000116133/ENSG00000157150/ENSG00000140093/ENSG00000184500/ENSG00000117560/ENSG00000164850/ENSG00000167711/ENSG00000187094/ENSG00000113889/ENSG00000184047/ENSG00000114270/ENSG00000151655/ENSG00000149131/ENSG00000090512/ENSG00000099937/ENSG00000125730/ENSG00000100665/ENSG00000106804/ENSG00000166535/ENSG00000162267/ENSG00000106927/ENSG00000117601/ENSG00000145192/ENSG00000012223","FALSE","FALSE","FALSE","FALSE","FALSE","FALSE","FALSE","FALSE"
"GO:0046649","GO:0046649","GO:0046649","lymphocyte activation",401,0.335703385657027,1.4216742381131,0.000214755365426232,0.0179450884897829,0.0160980895933539,1912,"tags=27%, list=16%, signal=23%","ENSG00000012124/ENSG00000211899/ENSG00000160683/ENSG00000109101/ENSG00000105369/ENSG00000175097/ENSG00000171522/ENSG00000147437/ENSG00000150455/ENSG00000162552/ENSG00000159216/ENSG00000115232/ENSG00000134321/ENSG00000008513/ENSG00000133789/ENSG00000162692/ENSG00000112576/ENSG00000179388/ENSG00000169508/ENSG00000010671/ENSG00000124762/ENSG00000081189/ENSG00000141968/ENSG00000127951/ENSG00000077420/ENSG00000168918/ENSG00000177628/ENSG00000066336/ENSG00000165025/ENSG00000119919/ENSG00000101082/ENSG00000125538/ENSG00000167207/ENSG00000164430/ENSG00000189114/ENSG00000128340/ENSG00000183087/ENSG00000106003/ENSG00000128917/ENSG00000048052/ENSG00000130427/ENSG00000173585/ENSG00000152518/ENSG00000153208/ENSG00000124126/ENSG00000110719/ENSG00000168071/ENSG00000134516/ENSG00000135905/ENSG00000137265/ENSG00000177425/ENSG00000119457/ENSG00000100351/ENSG00000204472/ENSG00000139370/ENSG00000164690/ENSG00000185896/ENSG00000122122/ENSG00000000938/ENSG00000160255/ENSG00000166501/ENSG00000151651/ENSG00000167601/ENSG00000056586/ENSG00000196950/ENSG00000125735/ENSG00000168421/ENSG00000005020/ENSG00000198286/ENSG00000197329/ENSG00000100060/ENSG00000184916/ENSG00000198846/ENSG00000131188/ENSG00000105122/ENSG00000102524/ENSG00000123143/ENSG00000156127/ENSG00000172216/ENSG00000165240/ENSG00000065000/ENSG00000161031/ENSG00000065675/ENSG00000138814/ENSG00000100263/ENSG00000095752/ENSG00000114315/ENSG00000110651/ENSG00000104312/ENSG00000204103/ENSG00000143772/ENSG00000102879/ENSG00000076641/ENSG00000164251/ENSG00000135047/ENSG00000223496/ENSG00000168214/ENSG00000136630/ENSG00000020633/ENSG00000124145/ENSG00000136167/ENSG00000157404/ENSG00000111679/ENSG00000165704/ENSG00000185338/ENSG00000204305/ENSG00000160685","TRUE","FALSE","FALSE","FALSE","FALSE","FALSE","FALSE","FALSE"
"GO:0006879","GO:0006879","GO:0006879","cellular iron ion homeostasis",57,-0.656097032492969,-1.83493731407076,0.000223258670808512,0.0183771876046111,0.0164857148908092,306,"tags=16%, list=2%, signal=15%","ENSG00000111537/ENSG00000106327/ENSG00000138821/ENSG00000168509/ENSG00000187045/ENSG00000110169/ENSG00000047457/ENSG00000012223/ENSG00000263761","FALSE","FALSE","FALSE","FALSE","FALSE","FALSE","FALSE","FALSE"
"GO:0042100","GO:0042100","GO:0042100","B cell proliferation",47,0.597641807920381,1.87425269901964,0.000281286827945425,0.022241138832408,0.0199519687955944,1642,"tags=36%, list=13%, signal=31%","ENSG00000012124/ENSG00000105369/ENSG00000175097/ENSG00000150455/ENSG00000169508/ENSG00000010671/ENSG00000124762/ENSG00000081189/ENSG00000168918/ENSG00000177425/ENSG00000122122/ENSG00000196950/ENSG00000198286/ENSG00000197329/ENSG00000102524/ENSG00000123143/ENSG00000110651","TRUE","FALSE","FALSE","FALSE","FALSE","FALSE","FALSE","TRUE"
"GO:0007229","GO:0007229","GO:0007229","integrin-mediated signaling pathway",66,0.553187055930036,1.85961109258968,0.000282299132958942,0.022241138832408,0.0199519687955944,1537,"tags=33%, list=13%, signal=29%","ENSG00000115956/ENSG00000158856/ENSG00000115232/ENSG00000198542/ENSG00000154734/ENSG00000101336/ENSG00000141968/ENSG00000165025/ENSG00000077943/ENSG00000160323/ENSG00000149781/ENSG00000140678/ENSG00000138623/ENSG00000073670/ENSG00000143127/ENSG00000000938/ENSG00000160255/ENSG00000099250/ENSG00000082074/ENSG00000082781/ENSG00000213949/ENSG00000213853","FALSE","FALSE","FALSE","FALSE","FALSE","FALSE","FALSE","FALSE"
"GO:0006570","GO:0006570","GO:0006570","tyrosine metabolic process",11,-0.88681650657853,-1.81814222718965,0.000300271417624773,0.0229999565027864,0.0206326851291876,372,"tags=64%, list=3%, signal=62%","ENSG00000077498/ENSG00000103876/ENSG00000158104/ENSG00000171759/ENSG00000113924/ENSG00000172425/ENSG00000198650","FALSE","FALSE","FALSE","FALSE","FALSE","FALSE","FALSE","FALSE"
"GO:0046939","GO:0046939","GO:0046939","nucleotide phosphorylation",108,-0.555626494795897,-1.69819730850871,0.000351104842641111,0.0251473143787757,0.0225590261163803,506,"tags=12%, list=4%, signal=12%","ENSG00000181322/ENSG00000187097/ENSG00000149925/ENSG00000119715/ENSG00000111537/ENSG00000067225/ENSG00000079739/ENSG00000122180/ENSG00000017427/ENSG00000248746/ENSG00000106633/ENSG00000103202/ENSG00000164708","FALSE","FALSE","FALSE","FALSE","FALSE","FALSE","FALSE","FALSE"
"GO:0090181","GO:0090181","GO:0090181","regulation of cholesterol metabolic process",48,-0.66119571617316,-1.78849070440129,0.000365811926706747,0.025166178047751,0.0225759482415288,1719,"tags=46%, list=14%, signal=40%","ENSG00000113161/ENSG00000278540/ENSG00000130203/ENSG00000111684/ENSG00000172893/ENSG00000062282/ENSG00000198911/ENSG00000109929/ENSG00000167910/ENSG00000079459/ENSG00000149809/ENSG00000167508/ENSG00000099194/ENSG00000112972/ENSG00000160285/ENSG00000160752/ENSG00000110921/ENSG00000001630/ENSG00000100003/ENSG00000104549/ENSG00000169710/ENSG00000084674","FALSE","FALSE","FALSE","FALSE","FALSE","FALSE","FALSE","FALSE"
"GO:0031638","GO:0031638","GO:0031638","zymogen activation",30,-0.723752007996464,-1.80529130587742,0.000394163298594708,0.0265098852652417,0.0237813543439683,402,"tags=27%, list=3%, signal=26%","ENSG00000167711/ENSG00000122861/ENSG00000080618/ENSG00000105707/ENSG00000091583/ENSG00000171564/ENSG00000101981/ENSG00000171557","FALSE","FALSE","FALSE","FALSE","FALSE","FALSE","FALSE","FALSE"
"GO:0032635","GO:0032635","GO:0032635","interleukin-6 production",76,0.516650982060027,1.7653989056705,0.000400440378870092,0.0266075745719103,0.0238689889751355,1902,"tags=37%, list=16%, signal=31%","ENSG00000196664/ENSG00000112116/ENSG00000163794/ENSG00000150455/ENSG00000267200/ENSG00000134830/ENSG00000168918/ENSG00000177628/ENSG00000165025/ENSG00000125538/ENSG00000167207/ENSG00000183087/ENSG00000101425/ENSG00000172247/ENSG00000101916/ENSG00000174130/ENSG00000204472/ENSG00000169129/ENSG00000160703/ENSG00000051523/ENSG00000187796/ENSG00000172216/ENSG00000104312/ENSG00000164251/ENSG00000115267/ENSG00000111679/ENSG00000204305/ENSG00000156711","FALSE","FALSE","FALSE","TRUE","FALSE","FALSE","FALSE","FALSE"
"GO:0000226","GO:0000226","GO:0000226","microtubule cytoskeleton organization",421,-0.423302221431482,-1.45627226351762,0.000430728072186266,0.0279466508012618,0.0250702407340613,3161,"tags=40%, list=26%, signal=30%","ENSG00000180198/ENSG00000204991/ENSG00000138100/ENSG00000102781/ENSG00000166004/ENSG00000168502/ENSG00000180376/ENSG00000186439/ENSG00000138002/ENSG00000165280/ENSG00000174672/ENSG00000116213/ENSG00000105479/ENSG00000068796/ENSG00000261308/ENSG00000212916/ENSG00000131462/ENSG00000063978/ENSG00000047410/ENSG00000162643/ENSG00000154099/ENSG00000213024/ENSG00000171533/ENSG00000094631/ENSG00000086827/ENSG00000167797/ENSG00000176623/ENSG00000130779/ENSG00000101350/ENSG00000181163/ENSG00000115561/ENSG00000152253/ENSG00000131437/ENSG00000130640/ENSG00000181378/ENSG00000177082/ENSG00000178295/ENSG00000164695/ENSG00000185340/ENSG00000171368/ENSG00000272514/ENSG00000074054/ENSG00000118690/ENSG00000187726/ENSG00000284862/ENSG00000149269/ENSG00000213397/ENSG00000107949/ENSG00000105948/ENSG00000111640/ENSG00000147874/ENSG00000039139/ENSG00000109917/ENSG00000172757/ENSG00000119661/ENSG00000204104/ENSG00000165506/ENSG00000082701/ENSG00000168309/ENSG00000088833/ENSG00000122735/ENSG00000151422/ENSG00000188229/ENSG00000117155/ENSG00000136811/ENSG00000104983/ENSG00000151849/ENSG00000072864/ENSG00000179636/ENSG00000175764/ENSG00000141519/ENSG00000141577/ENSG00000151746/ENSG00000137821/ENSG00000237649/ENSG00000277586/ENSG00000070193/ENSG00000132436/ENSG00000183765/ENSG00000115266/ENSG00000110318/ENSG00000184368/ENSG00000134278/ENSG00000196230/ENSG00000155761/ENSG00000143228/ENSG00000147316/ENSG00000256061/ENSG00000137941/ENSG00000096093/ENSG00000117632/ENSG00000131899/ENSG00000108395/ENSG00000163462/ENSG00000080572/ENSG00000176225/ENSG00000040275/ENSG00000131351/ENSG00000083535/ENSG00000044459/ENSG00000177143/ENSG00000140463/ENSG00000244607/ENSG00000141013/ENSG00000196584/ENSG00000074935/ENSG00000129810/ENSG00000214367/ENSG00000161800/ENSG00000146425/ENSG00000108961/ENSG00000111554/ENSG00000151414/ENSG00000142609/ENSG00000131044/ENSG00000160188/ENSG00000187446/ENSG00000102981/ENSG00000139323/ENSG00000128944/ENSG00000103995/ENSG00000176749/ENSG00000166803/ENSG00000104671/ENSG00000136122/ENSG00000149503/ENSG00000164118/ENSG00000156876/ENSG00000170312/ENSG00000163611/ENSG00000087586/ENSG00000013810/ENSG00000166483/ENSG00000164109/ENSG00000090889/ENSG00000180834/ENSG00000137807/ENSG00000162063/ENSG00000112742/ENSG00000157456/ENSG00000172426/ENSG00000138778/ENSG00000121621/ENSG00000117650/ENSG00000154342/ENSG00000178999/ENSG00000088325/ENSG00000198901/ENSG00000166851/ENSG00000101057/ENSG00000112984/ENSG00000126787/ENSG00000186868/ENSG00000066279/ENSG00000080986/ENSG00000148935/ENSG00000134057/ENSG00000100078/ENSG00000172680/ENSG00000142731/ENSG00000112029/ENSG00000152240/ENSG00000152763/ENSG00000123473/ENSG00000072832/ENSG00000243910/ENSG00000148482","FALSE","FALSE","FALSE","FALSE","FALSE","FALSE","FALSE","FALSE"
"GO:0014854","GO:0014854","GO:0014854","response to inactivity",13,-0.860017718495354,-1.81706197556011,0.000469995207876784,0.0292767709508313,0.0262634582180478,225,"tags=31%, list=2%, signal=30%","ENSG00000067225/ENSG00000122180/ENSG00000248746/ENSG00000143318","FALSE","FALSE","FALSE","FALSE","FALSE","FALSE","FALSE","FALSE"
"GO:0055072","GO:0055072","GO:0055072","iron ion homeostasis",70,-0.623222011393118,-1.79854170507831,0.000480315651822498,0.0292767709508313,0.0262634582180478,391,"tags=14%, list=3%, signal=14%","ENSG00000127954/ENSG00000111537/ENSG00000106327/ENSG00000138821/ENSG00000168509/ENSG00000187045/ENSG00000110169/ENSG00000047457/ENSG00000012223/ENSG00000263761","FALSE","FALSE","FALSE","FALSE","FALSE","FALSE","FALSE","FALSE"
"GO:0048821","GO:0048821","GO:0048821","erythrocyte development",25,0.706778728904924,1.90476491737347,0.00048887933658674,0.0292767709508313,0.0262634582180478,807,"tags=24%, list=7%, signal=22%","ENSG00000158578/ENSG00000162367/ENSG00000158856/ENSG00000004939/ENSG00000069122/ENSG00000130427","TRUE","FALSE","FALSE","FALSE","FALSE","FALSE","FALSE","FALSE"
"GO:0035988","GO:0035988","GO:0035988","chondrocyte proliferation",18,-0.803670223863344,-1.83989525970627,0.000491925971398451,0.0292767709508313,0.0262634582180478,387,"tags=28%, list=3%, signal=27%","ENSG00000159167/ENSG00000162733/ENSG00000272573/ENSG00000170577/ENSG00000012223","FALSE","FALSE","FALSE","FALSE","FALSE","FALSE","FALSE","FALSE"
"GO:0032675","GO:0032675","GO:0032675","regulation of interleukin-6 production",75,0.523427406301644,1.7859610091302,0.000498316205352868,0.0292767709508313,0.0262634582180478,1902,"tags=37%, list=16%, signal=32%","ENSG00000196664/ENSG00000112116/ENSG00000163794/ENSG00000150455/ENSG00000267200/ENSG00000134830/ENSG00000168918/ENSG00000177628/ENSG00000165025/ENSG00000125538/ENSG00000167207/ENSG00000183087/ENSG00000101425/ENSG00000172247/ENSG00000101916/ENSG00000174130/ENSG00000204472/ENSG00000169129/ENSG00000160703/ENSG00000051523/ENSG00000187796/ENSG00000172216/ENSG00000104312/ENSG00000164251/ENSG00000115267/ENSG00000111679/ENSG00000204305/ENSG00000156711","FALSE","FALSE","FALSE","TRUE","FALSE","FALSE","FALSE","FALSE"
"GO:0048872","GO:0048872","GO:0048872","homeostasis of number of cells",184,0.392975187780914,1.54551012406345,0.000511251558209528,0.0292767709508313,0.0262634582180478,1798,"tags=24%, list=15%, signal=21%","ENSG00000109101/ENSG00000158578/ENSG00000204389/ENSG00000162367/ENSG00000158856/ENSG00000004939/ENSG00000184371/ENSG00000178467/ENSG00000069122/ENSG00000169508/ENSG00000081189/ENSG00000134954/ENSG00000168918/ENSG00000177628/ENSG00000066336/ENSG00000119919/ENSG00000118689/ENSG00000130427/ENSG00000153208/ENSG00000143479/ENSG00000105612/ENSG00000110719/ENSG00000135905/ENSG00000119457/ENSG00000136603/ENSG00000139370/ENSG00000122122/ENSG00000148400/ENSG00000167601/ENSG00000056586/ENSG00000125735/ENSG00000198286/ENSG00000180353/ENSG00000023330/ENSG00000102524/ENSG00000123143/ENSG00000183018/ENSG00000204103/ENSG00000143772/ENSG00000102879/ENSG00000126603/ENSG00000107798/ENSG00000171456/ENSG00000096968","FALSE","FALSE","FALSE","FALSE","FALSE","FALSE","FALSE","FALSE"
"GO:0014032","GO:0014032","GO:0014032","neural crest cell development",67,0.524615371568839,1.76774427005297,0.00059419144407197,0.0327696581405691,0.0293968398646132,1648,"tags=27%, list=13%, signal=23%","ENSG00000168505/ENSG00000162517/ENSG00000151617/ENSG00000187553/ENSG00000168621/ENSG00000121039/ENSG00000136160/ENSG00000075213/ENSG00000054598/ENSG00000138623/ENSG00000164690/ENSG00000099250/ENSG00000153993/ENSG00000165731/ENSG00000082684/ENSG00000185033/ENSG00000114315/ENSG00000168758","FALSE","FALSE","FALSE","FALSE","FALSE","FALSE","FALSE","FALSE"
"GO:0048864","GO:0048864","GO:0048864","stem cell development",68,0.518723458659242,1.75882501438772,0.000630932524202551,0.0344514145641294,0.0309055014460864,1648,"tags=26%, list=13%, signal=23%","ENSG00000168505/ENSG00000162517/ENSG00000151617/ENSG00000187553/ENSG00000168621/ENSG00000121039/ENSG00000136160/ENSG00000075213/ENSG00000054598/ENSG00000138623/ENSG00000164690/ENSG00000099250/ENSG00000153993/ENSG00000165731/ENSG00000082684/ENSG00000185033/ENSG00000114315/ENSG00000168758","FALSE","FALSE","FALSE","FALSE","FALSE","FALSE","FALSE","FALSE"
"GO:0006165","GO:0006165","GO:0006165","nucleoside diphosphate phosphorylation",107,-0.55821809733816,-1.70459868505884,0.00064993334497674,0.0348933474301186,0.0313019483555008,506,"tags=12%, list=4%, signal=12%","ENSG00000181322/ENSG00000187097/ENSG00000149925/ENSG00000119715/ENSG00000111537/ENSG00000067225/ENSG00000079739/ENSG00000122180/ENSG00000017427/ENSG00000248746/ENSG00000106633/ENSG00000103202/ENSG00000164708","FALSE","FALSE","FALSE","FALSE","FALSE","FALSE","FALSE","FALSE"
"GO:0016125","GO:0016125","GO:0016125","sterol metabolic process",126,-0.528888420063833,-1.6439457116097,0.000651679924805479,0.0348933474301186,0.0313019483555008,2165,"tags=41%, list=18%, signal=34%","ENSG00000163344/ENSG00000205808/ENSG00000143815/ENSG00000111664/ENSG00000122787/ENSG00000132196/ENSG00000015520/ENSG00000169174/ENSG00000145476/ENSG00000113161/ENSG00000278540/ENSG00000130203/ENSG00000036530/ENSG00000111684/ENSG00000172893/ENSG00000062282/ENSG00000198911/ENSG00000105398/ENSG00000148377/ENSG00000087237/ENSG00000131910/ENSG00000001626/ENSG00000109929/ENSG00000167910/ENSG00000079459/ENSG00000149809/ENSG00000147155/ENSG00000167508/ENSG00000052802/ENSG00000099194/ENSG00000133935/ENSG00000166394/ENSG00000147383/ENSG00000170271/ENSG00000213398/ENSG00000118137/ENSG00000112972/ENSG00000180432/ENSG00000160285/ENSG00000160752/ENSG00000147465/ENSG00000110921/ENSG00000116133/ENSG00000001630/ENSG00000100003/ENSG00000104549/ENSG00000169710/ENSG00000123179/ENSG00000084674/ENSG00000132855/ENSG00000137869/ENSG00000231852","FALSE","FALSE","FALSE","FALSE","FALSE","FALSE","FALSE","FALSE"
"GO:0006007","GO:0006007","GO:0006007","glucose catabolic process",27,-0.733053631314452,-1.79121368561659,0.00069129970577828,0.0359671497864831,0.0322652295646268,434,"tags=22%, list=4%, signal=21%","ENSG00000152556/ENSG00000149925/ENSG00000067225/ENSG00000248746/ENSG00000106633/ENSG00000164708","FALSE","FALSE","FALSE","FALSE","FALSE","FALSE","FALSE","FALSE"
"GO:1902532","GO:1902532","GO:1902532","negative regulation of intracellular signal transduction",364,0.326479122120563,1.3678830083986,0.000738212480340414,0.0373277120324,0.0334857558910684,1893,"tags=22%, list=15%, signal=19%","ENSG00000012124/ENSG00000207864/ENSG00000108255/ENSG00000284202/ENSG00000169330/ENSG00000100234/ENSG00000204389/ENSG00000115956/ENSG00000267200/ENSG00000168939/ENSG00000034971/ENSG00000137801/ENSG00000115641/ENSG00000162545/ENSG00000187678/ENSG00000068971/ENSG00000124216/ENSG00000120907/ENSG00000177628/ENSG00000198746/ENSG00000080546/ENSG00000174928/ENSG00000101082/ENSG00000188906/ENSG00000175197/ENSG00000198121/ENSG00000125538/ENSG00000163219/ENSG00000186642/ENSG00000136997/ENSG00000138639/ENSG00000138835/ENSG00000040199/ENSG00000166311/ENSG00000135090/ENSG00000130427/ENSG00000185149/ENSG00000143479/ENSG00000162772/ENSG00000133878/ENSG00000153233/ENSG00000151577/ENSG00000145147/ENSG00000143384/ENSG00000183255/ENSG00000107562/ENSG00000164056/ENSG00000198369/ENSG00000168421/ENSG00000140443/ENSG00000138166/ENSG00000168398/ENSG00000112425/ENSG00000185989/ENSG00000100100/ENSG00000120875/ENSG00000105538/ENSG00000112541/ENSG00000160703/ENSG00000118162/ENSG00000126368/ENSG00000101255/ENSG00000105122/ENSG00000092871/ENSG00000103197/ENSG00000184545/ENSG00000164741/ENSG00000101997/ENSG00000134817/ENSG00000164251/ENSG00000187391/ENSG00000085276/ENSG00000116044/ENSG00000136826/ENSG00000133112/ENSG00000133794/ENSG00000204673/ENSG00000111679/ENSG00000176641/ENSG00000150907/ENSG00000116288","FALSE","FALSE","FALSE","FALSE","FALSE","FALSE","FALSE","FALSE"
"GO:0007040","GO:0007040","GO:0007040","lysosome organization",58,0.553331613868233,1.78223693909372,0.000760961672498243,0.0373277120324,0.0334857558910684,2970,"tags=48%, list=24%, signal=37%","ENSG00000179331/ENSG00000120280/ENSG00000177628/ENSG00000188906/ENSG00000131238/ENSG00000049860/ENSG00000166340/ENSG00000143553/ENSG00000138760/ENSG00000112561/ENSG00000164961/ENSG00000165029/ENSG00000102805/ENSG00000146352/ENSG00000104142/ENSG00000100099/ENSG00000102879/ENSG00000103174/ENSG00000101955/ENSG00000188603/ENSG00000104133/ENSG00000142513/ENSG00000111670/ENSG00000113273/ENSG00000128973/ENSG00000116857/ENSG00000132842/ENSG00000107521","FALSE","FALSE","FALSE","FALSE","FALSE","FALSE","FALSE","FALSE"
"GO:0080171","GO:0080171","GO:0080171","lytic vacuole organization",58,0.553331613868233,1.78223693909372,0.000760961672498243,0.0373277120324,0.0334857558910684,2970,"tags=48%, list=24%, signal=37%","ENSG00000179331/ENSG00000120280/ENSG00000177628/ENSG00000188906/ENSG00000131238/ENSG00000049860/ENSG00000166340/ENSG00000143553/ENSG00000138760/ENSG00000112561/ENSG00000164961/ENSG00000165029/ENSG00000102805/ENSG00000146352/ENSG00000104142/ENSG00000100099/ENSG00000102879/ENSG00000103174/ENSG00000101955/ENSG00000188603/ENSG00000104133/ENSG00000142513/ENSG00000111670/ENSG00000113273/ENSG00000128973/ENSG00000116857/ENSG00000132842/ENSG00000107521","FALSE","FALSE","FALSE","FALSE","FALSE","FALSE","FALSE","FALSE"
"GO:0048010","GO:0048010","GO:0048010","vascular endothelial growth factor receptor signaling pathway",79,0.501153773485028,1.73884482160859,0.000781397684052925,0.0373277120324,0.0334857558910684,2736,"tags=39%, list=22%, signal=31%","ENSG00000037280/ENSG00000158517/ENSG00000136110/ENSG00000119630/ENSG00000141968/ENSG00000054598/ENSG00000156427/ENSG00000185386/ENSG00000125538/ENSG00000116701/ENSG00000165168/ENSG00000174804/ENSG00000166501/ENSG00000099250/ENSG00000167601/ENSG00000100365/ENSG00000051523/ENSG00000114738/ENSG00000173269/ENSG00000062598/ENSG00000184304/ENSG00000106070/ENSG00000055163/ENSG00000080824/ENSG00000128052/ENSG00000273749/ENSG00000158092/ENSG00000069869/ENSG00000089159/ENSG00000051382/ENSG00000131634","FALSE","FALSE","FALSE","FALSE","FALSE","FALSE","FALSE","FALSE"
"GO:0044282","GO:0044282","GO:0044282","small molecule catabolic process",325,-0.437438251657424,-1.48134677965868,0.000785134106211858,0.0373277120324,0.0334857558910684,2412,"tags=22%, list=20%, signal=18%","ENSG00000111640/ENSG00000175066/ENSG00000175198/ENSG00000087008/ENSG00000058668/ENSG00000196371/ENSG00000106049/ENSG00000197586/ENSG00000105953/ENSG00000169299/ENSG00000161533/ENSG00000132746/ENSG00000132376/ENSG00000124275/ENSG00000100116/ENSG00000178445/ENSG00000166816/ENSG00000181915/ENSG00000122787/ENSG00000173208/ENSG00000003987/ENSG00000113492/ENSG00000196839/ENSG00000084754/ENSG00000156017/ENSG00000203797/ENSG00000156521/ENSG00000065154/ENSG00000173597/ENSG00000105220/ENSG00000130203/ENSG00000182199/ENSG00000036530/ENSG00000167114/ENSG00000100889/ENSG00000105398/ENSG00000103485/ENSG00000100024/ENSG00000144644/ENSG00000144908/ENSG00000117308/ENSG00000128683/ENSG00000152556/ENSG00000188641/ENSG00000167910/ENSG00000143994/ENSG00000147647/ENSG00000166228/ENSG00000187097/ENSG00000149925/ENSG00000151790/ENSG00000116981/ENSG00000103876/ENSG00000111732/ENSG00000158104/ENSG00000171759/ENSG00000067225/ENSG00000025708/ENSG00000127838/ENSG00000113924/ENSG00000136750/ENSG00000079739/ENSG00000179761/ENSG00000129596/ENSG00000248746/ENSG00000084110/ENSG00000198650/ENSG00000100253/ENSG00000106633/ENSG00000073734/ENSG00000164708","FALSE","FALSE","FALSE","FALSE","FALSE","FALSE","FALSE","FALSE"
"GO:0019221","GO:0019221","GO:0019221","cytokine-mediated signaling pathway",419,0.314936730620263,1.3724025530934,0.000819330439940995,0.0382766134679419,0.0343369916112663,2157,"tags=25%, list=18%, signal=21%","ENSG00000124334/ENSG00000207864/ENSG00000160683/ENSG00000112116/ENSG00000124491/ENSG00000204389/ENSG00000159216/ENSG00000187266/ENSG00000134321/ENSG00000162692/ENSG00000184371/ENSG00000170345/ENSG00000101336/ENSG00000075618/ENSG00000148346/ENSG00000176170/ENSG00000188263/ENSG00000164078/ENSG00000124762/ENSG00000141968/ENSG00000054598/ENSG00000101871/ENSG00000221869/ENSG00000168918/ENSG00000184557/ENSG00000066336/ENSG00000165025/ENSG00000148660/ENSG00000100385/ENSG00000125538/ENSG00000167207/ENSG00000141655/ENSG00000118689/ENSG00000151468/ENSG00000130300/ENSG00000111057/ENSG00000136997/ENSG00000140678/ENSG00000183087/ENSG00000182578/ENSG00000178623/ENSG00000130427/ENSG00000033327/ENSG00000173585/ENSG00000127129/ENSG00000122756/ENSG00000168329/ENSG00000196415/ENSG00000100311/ENSG00000172247/ENSG00000108342/ENSG00000137265/ENSG00000138496/ENSG00000073756/ENSG00000145147/ENSG00000160255/ENSG00000174804/ENSG00000143384/ENSG00000174600/ENSG00000167601/ENSG00000107562/ENSG00000116329/ENSG00000115325/ENSG00000121966/ENSG00000174516/ENSG00000116574/ENSG00000125735/ENSG00000140968/ENSG00000102007/ENSG00000162676/ENSG00000173578/ENSG00000197329/ENSG00000067182/ENSG00000102524/ENSG00000156127/ENSG00000092871/ENSG00000095752/ENSG00000104312/ENSG00000185187/ENSG00000164251/ENSG00000174238/ENSG00000096968/ENSG00000113494/ENSG00000126456/ENSG00000136167/ENSG00000025434/ENSG00000157404/ENSG00000111679/ENSG00000150907/ENSG00000185338/ENSG00000129048/ENSG00000105245/ENSG00000128604/ENSG00000186810/ENSG00000105270/ENSG00000080824/ENSG00000118503/ENSG00000105397/ENSG00000105974/ENSG00000126353/ENSG00000162775/ENSG00000143369/ENSG00000067955/ENSG00000180871/ENSG00000185291","FALSE","FALSE","FALSE","FALSE","TRUE","FALSE","FALSE","FALSE"
"GO:0002920","GO:0002920","GO:0002920","regulation of humoral immune response",35,-0.691316069210292,-1.76985188685131,0.000830440618579969,0.0382766134679419,0.0343369916112663,450,"tags=29%, list=4%, signal=28%","ENSG00000184500/ENSG00000080618/ENSG00000176919/ENSG00000149131/ENSG00000113600/ENSG00000125730/ENSG00000110169/ENSG00000106804/ENSG00000021852/ENSG00000157131","TRUE","TRUE","FALSE","FALSE","FALSE","FALSE","FALSE","FALSE"
"GO:0009074","GO:0009074","GO:0009074","aromatic amino acid family catabolic process",16,-0.818007425776126,-1.81428603466505,0.00083152337692234,0.0382766134679419,0.0343369916112663,696,"tags=44%, list=6%, signal=41%","ENSG00000166228/ENSG00000151790/ENSG00000103876/ENSG00000158104/ENSG00000171759/ENSG00000113924/ENSG00000198650","FALSE","FALSE","FALSE","FALSE","FALSE","FALSE","FALSE","FALSE"
"GO:0043403","GO:0043403","GO:0043403","skeletal muscle tissue regeneration",31,-0.719037278173484,-1.81144605956176,0.000832854690145609,0.0382766134679419,0.0343369916112663,225,"tags=19%, list=2%, signal=19%","ENSG00000067225/ENSG00000102554/ENSG00000187616/ENSG00000122180/ENSG00000017427/ENSG00000177791","FALSE","FALSE","FALSE","FALSE","FALSE","FALSE","FALSE","FALSE"
"GO:0008217","GO:0008217","GO:0008217","regulation of blood pressure",119,0.428912721627238,1.59720843675967,0.000887824633132784,0.0394955226445995,0.0354304445158406,1310,"tags=26%, list=11%, signal=23%","ENSG00000207864/ENSG00000244734/ENSG00000274286/ENSG00000151617/ENSG00000163794/ENSG00000164326/ENSG00000177674/ENSG00000102032/ENSG00000162545/ENSG00000121064/ENSG00000136160/ENSG00000101405/ENSG00000170214/ENSG00000120907/ENSG00000103647/ENSG00000183087/ENSG00000137509/ENSG00000127129/ENSG00000043591/ENSG00000108405/ENSG00000100311/ENSG00000265107/ENSG00000128165/ENSG00000073756/ENSG00000151577/ENSG00000095303/ENSG00000118432/ENSG00000176387/ENSG00000145244/ENSG00000143839/ENSG00000166148","FALSE","FALSE","FALSE","FALSE","FALSE","FALSE","FALSE","FALSE"
"GO:0034162","GO:0034162","GO:0034162","toll-like receptor 9 signaling pathway",18,0.764012014630335,1.95144743753994,0.000921718763596165,0.0403434839780385,0.0361911293976773,1115,"tags=28%, list=9%, signal=25%","ENSG00000196664/ENSG00000134321/ENSG00000101916/ENSG00000139370/ENSG00000110057","FALSE","FALSE","FALSE","FALSE","FALSE","FALSE","FALSE","FALSE"
"GO:0006757","GO:0006757","GO:0006757","ATP generation from ADP",95,-0.548997136999095,-1.6490366356537,0.000986876053234448,0.0428552868786455,0.0384444048918517,452,"tags=12%, list=4%, signal=11%","ENSG00000187097/ENSG00000149925/ENSG00000119715/ENSG00000111537/ENSG00000067225/ENSG00000079739/ENSG00000122180/ENSG00000017427/ENSG00000248746/ENSG00000106633/ENSG00000164708","FALSE","FALSE","FALSE","FALSE","FALSE","FALSE","FALSE","FALSE"
"GO:0072376","GO:0072376","GO:0072376","protein activation cascade",18,-0.784412692744225,-1.79580772334168,0.00104402193192821,0.0439441108934256,0.0394211616546452,271,"tags=50%, list=2%, signal=49%","ENSG00000113889/ENSG00000126218/ENSG00000057593/ENSG00000149131/ENSG00000091583/ENSG00000117601/ENSG00000171564/ENSG00000101981/ENSG00000171557","FALSE","FALSE","FALSE","FALSE","FALSE","FALSE","FALSE","FALSE"
"GO:0072378","GO:0072378","GO:0072378","blood coagulation, fibrin clot formation",18,-0.784412692744225,-1.79580772334168,0.00104402193192821,0.0439441108934256,0.0394211616546452,271,"tags=50%, list=2%, signal=49%","ENSG00000113889/ENSG00000126218/ENSG00000057593/ENSG00000149131/ENSG00000091583/ENSG00000117601/ENSG00000171564/ENSG00000101981/ENSG00000171557","FALSE","FALSE","FALSE","FALSE","FALSE","FALSE","FALSE","FALSE"
"GO:0016052","GO:0016052","GO:0016052","carbohydrate catabolic process",153,-0.504025610233749,-1.59818655158962,0.00104730240928897,0.0439441108934256,0.0394211616546452,563,"tags=11%, list=5%, signal=11%","ENSG00000118804/ENSG00000132825/ENSG00000187097/ENSG00000149925/ENSG00000119715/ENSG00000164776/ENSG00000111537/ENSG00000068976/ENSG00000067225/ENSG00000079739/ENSG00000122180/ENSG00000017427/ENSG00000248746/ENSG00000204099/ENSG00000100253/ENSG00000106633/ENSG00000164708","FALSE","FALSE","FALSE","FALSE","FALSE","FALSE","FALSE","FALSE"
"GO:0007519","GO:0007519","GO:0007519","skeletal muscle tissue development",124,-0.529446960717056,-1.63969699022431,0.00105179014287075,0.0439441108934256,0.0394211616546452,1083,"tags=23%, list=9%, signal=21%","ENSG00000100625/ENSG00000162729/ENSG00000167612/ENSG00000127124/ENSG00000167244/ENSG00000172399/ENSG00000129170/ENSG00000101605/ENSG00000120738/ENSG00000154342/ENSG00000132429/ENSG00000128710/ENSG00000100628/ENSG00000184058/ENSG00000128709/ENSG00000036448/ENSG00000126778/ENSG00000185482/ENSG00000102554/ENSG00000142700/ENSG00000239474/ENSG00000122180/ENSG00000248746/ENSG00000143632/ENSG00000111049/ENSG00000180209/ENSG00000143318/ENSG00000177791","FALSE","FALSE","FALSE","FALSE","FALSE","FALSE","FALSE","FALSE"
"GO:0031032","GO:0031032","GO:0031032","actomyosin structure organization",151,-0.508802604109994,-1.61084239439051,0.0011337856166421,0.0466628931028447,0.041860113104618,1083,"tags=16%, list=9%, signal=15%","ENSG00000161800/ENSG00000100625/ENSG00000105048/ENSG00000140030/ENSG00000172399/ENSG00000129170/ENSG00000133392/ENSG00000114346/ENSG00000172159/ENSG00000118137/ENSG00000011426/ENSG00000155657/ENSG00000167711/ENSG00000173991/ENSG00000170989/ENSG00000171877/ENSG00000170807/ENSG00000239474/ENSG00000197893/ENSG00000143632/ENSG00000122367/ENSG00000143318/ENSG00000177791/ENSG00000166317","FALSE","FALSE","FALSE","FALSE","FALSE","FALSE","FALSE","FALSE"
"GO:0002042","GO:0002042","GO:0002042","cell migration involved in sprouting angiogenesis",48,0.576948882264657,1.82427333470731,0.00122440012732486,0.0481627304429934,0.0432055796310672,1811,"tags=35%, list=15%, signal=30%","ENSG00000207864/ENSG00000267200/ENSG00000137801/ENSG00000179388/ENSG00000112333/ENSG00000128917/ENSG00000048052/ENSG00000073756/ENSG00000145147/ENSG00000148400/ENSG00000099250/ENSG00000166923/ENSG00000173269/ENSG00000100065/ENSG00000125266/ENSG00000011405/ENSG00000136826","FALSE","FALSE","FALSE","FALSE","FALSE","FALSE","FALSE","FALSE"
"GO:0006959","GO:0006959","GO:0006959","humoral immune response",88,-0.56649153728965,-1.67850167058187,0.0012260704924153,0.0481627304429934,0.0432055796310672,450,"tags=20%, list=4%, signal=20%","ENSG00000184500/ENSG00000183918/ENSG00000111537/ENSG00000009724/ENSG00000145247/ENSG00000184374/ENSG00000080618/ENSG00000176919/ENSG00000149131/ENSG00000113600/ENSG00000125730/ENSG00000110169/ENSG00000118004/ENSG00000106804/ENSG00000021852/ENSG00000157131/ENSG00000171564/ENSG00000012223","TRUE","FALSE","FALSE","FALSE","FALSE","FALSE","FALSE","FALSE"
